ID_produit,Libellé
1010300643080,CHLORURE DE SODIUM 0.9% 45 ML
1010390388890,GLUCOSE 10% 500ML POCHE PVC
1010391282100,CHLORURE DE SODIUM 0.9% 500ML
1010391282100,CHLORURE DE SODIUM 0.9% 500ML
1010391282100,CHLORURE DE SODIUM 0.9% 500ML
1010391282100,CHLORURE DE SODIUM 0.9% 500ML
1010391282100,CHLORURE DE SODIUM 0.9% 500ML
1010391282100,CHLORURE DE SODIUM 0.9% 500ML
1010392116030,CHLORURE DE SODIUM 0.9% 250ML
1010392116030,CHLORURE DE SODIUM 0.9% 250ML
1010392116030,CHLORURE DE SODIUM 0.9% 250ML
1010392116030,CHLORURE DE SODIUM 0.9% 250ML
1010392508040,CHLORURE DE SODIUM 0.9% 100ML
1010392508040,CHLORURE DE SODIUM 0.9% 100ML
1010391759360,RINGER LACTATE 500 ML P PVC
1010391759360,RINGER LACTATE 500 ML P PVC
1010309039180,GLUCOSE 5% 500 ML P PVC
1010309039180,GLUCOSE 5% 500 ML P PVC
1010309039180,GLUCOSE 5% 500 ML P PVC
1010309039180,GLUCOSE 5% 500 ML P PVC
1010309039180,GLUCOSE 5% 500 ML P PVC
1010391296000,OSMOTAN G5% 500ML P PVC
1010391296000,OSMOTAN G5% 500ML P PVC
1010191557380,CHLORURE DE SODIUM 0.9% 5ML AM
1010191557380,CHLORURE DE SODIUM 0.9% 5ML AM
1010190080260,ATROPINE 0.5MG/ML
1010391730670,EAU PPI 10ML AMPOULE PE
1030200636550,CAPUCHON DE TRANSFERT
1010390389900,GLUCOSE 30% 10ML AMPOULE VERRE
1010390389900,GLUCOSE 30% 10ML AMPOULE VERRE
1010390013200,ADRENALINE 1MG/1ML
1010390148480,CALCIUM GLUCONATE 10% 10ML  NO
1010390147420,CALCIUM CHLORURE 10% 10ML AMP
"1010390478880,""ISUPREL 0,2MG/ML"""
"1010390478880,""ISUPREL 0,2MG/ML"""
"1010390478880,""ISUPREL 0,2MG/ML"""
1010292008930,ATACAND  4MG
1010390130910,TERBUTALINE (BRICANYL)  IV OU
1011191599080,TERBUTALINE (BRICANYL) POUR NE
1010291091640,PENGLOBE 600MG CP
1010291203840,SELOKEN LP METOPRODOL TARTRATE
1010290909090,TENORMINE 100MG COMPRIME
1010891311230,LIDOCAINE (XYLOCAINE) 5% 20ML
1010891311230,LIDOCAINE (XYLOCAINE) 5% 20ML
1011791852540,LIDOCAINE (XYLOCAINE) 2% 20ML
1011791852540,LIDOCAINE (XYLOCAINE) 2% 20ML
1010292210330,ZOMIG ORO ZOLMITRIPTAN 2.5MG
1010292210330,ZOMIG ORO ZOLMITRIPTAN 2.5MG
1010292210330,ZOMIG ORO ZOLMITRIPTAN 2.5MG
1030100002120,POCHE D'ASPIRATION RECEPTAL 1L
1030100002120,POCHE D'ASPIRATION RECEPTAL 1L
1030100002120,POCHE D'ASPIRATION RECEPTAL 1L
1030100002120,POCHE D'ASPIRATION RECEPTAL 1L
1030100002120,POCHE D'ASPIRATION RECEPTAL 1L
1030200009140,TUYAU ASPIRATION RECEPTAL UU
1030200009140,TUYAU ASPIRATION RECEPTAL UU
1030100434490,BOCAL POUR POCHE RECEPTACLE 1L
1030100434490,BOCAL POUR POCHE RECEPTACLE 1L
1030100434490,BOCAL POUR POCHE RECEPTACLE 1L
1030202520510,BAVU - MASQUE  UU NEONATAL
1010535260040,VACCIN REVAXIS PASTEUR 0.5 ML
1010535260040,VACCIN REVAXIS PASTEUR 0.5 ML
1010492045720,DOSISEPTI NE 0.05%-15 ML
1010406000180,EAU STERILE VERSABLE- 1000  ML
1010291442840,CORTANCYL 20 MG - COMPRIME
1010990259930,DI-ANTALVIC 30 MG/400 MG - GEL
1010990259930,DI-ANTALVIC 30 MG/400 MG - GEL
1010390911390,CYAMEMAZINE (TERCIAN)  50MG/5M
1010390498930,FUROSEMIDE (LASILIX) 20MG/2ML
1010290540610,BROMAZEPAM (LEXOMIL) 6 MG - CO
1010290540610,BROMAZEPAM (LEXOMIL) 6 MG - CO
1010290540610,BROMAZEPAM (LEXOMIL) 6 MG - CO
1010391204090,FLUMAZENIL (ANEXATE) 0.5 MG/5
1010391204090,FLUMAZENIL (ANEXATE) 0.5 MG/5
1010391204090,FLUMAZENIL (ANEXATE) 0.5 MG/5
1010391204090,FLUMAZENIL (ANEXATE) 0.5 MG/5
1010391204090,FLUMAZENIL (ANEXATE) 0.5 MG/5
1010391996580,CLONAZEPAM (RIVOTRIL) 1 MG/ML
1010390972540,DIAZEPAM (VALIUM)  10MG/2ML SO
1010390808160,CEFTRIAXONE IV 1G/10ML (ROCEPH
1010390808160,CEFTRIAXONE IV 1G/10ML (ROCEPH
1010390808160,CEFTRIAXONE IV 1G/10ML (ROCEPH
1010390808160,CEFTRIAXONE IV 1G/10ML (ROCEPH
1010390808160,CEFTRIAXONE IV 1G/10ML (ROCEPH
1010391537740,MIDAZOLAM = HYPNOVEL 5MG/5ML (
1010391537740,MIDAZOLAM = HYPNOVEL 5MG/5ML (
1010391537740,MIDAZOLAM = HYPNOVEL 5MG/5ML (
1030363316080,CANULES RECTALES
1030110085520,BANDELETTE TEST URINAIRE
1030110085520,BANDELETTE TEST URINAIRE
1030133605620,BANDELETTES LECTEUR GLYCEMIE (
1030133605620,BANDELETTES LECTEUR GLYCEMIE (
1030136035390,LANCETTE LECTEUR GLYCEMIE LOT
1030121389480,LECTEUR GLYCEMIE
1030121389480,LECTEUR GLYCEMIE
1010991393370,MOPRAL 20 MG
1011092223570,LENITRAL SPRAY 10 ML
1030342007460,MULTISTIX 8SG - 100 BANDELETTE
1011191580790,IPRATROPIUM (ATROVENT) NEB ADU
1011191580790,IPRATROPIUM (ATROVENT) NEB ADU
1011191580790,IPRATROPIUM (ATROVENT) NEB ADU
1011191580790,IPRATROPIUM (ATROVENT) NEB ADU
1011091580850,IPRATROPIUM (ATROVENT) NEB ENF
1011091580850,IPRATROPIUM (ATROVENT) NEB ENF
1011091580850,IPRATROPIUM (ATROVENT) NEB ENF
1010491894990,DAKIN COOPER STABILISE 60 ML
,
,
,
,
1030321878900,GARROT VEINEUX ELASTIQUE
1030321878900,GARROT VEINEUX ELASTIQUE
1030323466100,THERMOMETRE ELECTRO. IMMERGEAB
1030323466100,THERMOMETRE ELECTRO. IMMERGEAB
1030323466100,THERMOMETRE ELECTRO. IMMERGEAB
1030246576670,AIGUILLE   0.6X25 (BLEU)
1030246576670,AIGUILLE   0.6X25 (BLEU)
1030246576670,AIGUILLE   0.6X25 (BLEU)
1030246576670,AIGUILLE   0.6X25 (BLEU)
1030246576670,AIGUILLE   0.6X25 (BLEU)
1030246651200,AIGUILLE 1.2X40 (ROSE)
1030246651200,AIGUILLE 1.2X40 (ROSE)
1030246651200,AIGUILLE 1.2X40 (ROSE)
1030246651200,AIGUILLE 1.2X40 (ROSE)
1030246651200,AIGUILLE 1.2X40 (ROSE)
1030246651200,AIGUILLE 1.2X40 (ROSE)
1030246061080,SERINGUE 10 ML
1030246061080,SERINGUE 10 ML
1030246061080,SERINGUE 10 ML
1030246061080,SERINGUE 10 ML
1030246061080,SERINGUE 10 ML
1030246060510,SERINGUE 5 ML
1030246060510,SERINGUE 5 ML
1030246060510,SERINGUE 5 ML
1030246060510,SERINGUE 5 ML
1030246060510,SERINGUE 5 ML
1030200821860,PERFUSEUR AVEC ROBINET 3 VOIES
1030200821860,PERFUSEUR AVEC ROBINET 3 VOIES
1030200821860,PERFUSEUR AVEC ROBINET 3 VOIES
1030200821860,PERFUSEUR AVEC ROBINET 3 VOIES
1030200821860,PERFUSEUR AVEC ROBINET 3 VOIES
1030200821860,PERFUSEUR AVEC ROBINET 3 VOIES
1030200821860,PERFUSEUR AVEC ROBINET 3 VOIES
1030200821860,PERFUSEUR AVEC ROBINET 3 VOIES
1030242533610,CATHETER NON SECU  50MM G 14W
1030242533610,CATHETER NON SECU  50MM G 14W
1030242533610,CATHETER NON SECU  50MM G 14W
1030240951110,ROBINET 3 VOIES
1030240951110,ROBINET 3 VOIES
1030240951110,ROBINET 3 VOIES
1030246575270,AIGUILLE  0.8X40 (VERT)
1030246575270,AIGUILLE  0.8X40 (VERT)
1030246575270,AIGUILLE  0.8X40 (VERT)
1030246575270,AIGUILLE  0.8X40 (VERT)
1030246135030,SERINGUE DE GAVAGE 60 ML
1030246135030,SERINGUE DE GAVAGE 60 ML
1030246135030,SERINGUE DE GAVAGE 60 ML
1030246135030,SERINGUE DE GAVAGE 60 ML
1010392246520,GELOSUFINE 4% - 500 ML
1030240563450,EPICRANIENNE 20X0.7  NOIRE
1030240563450,EPICRANIENNE 20X0.7  NOIRE
1030240563450,EPICRANIENNE 20X0.7  NOIRE
1030240563450,EPICRANIENNE 20X0.7  NOIRE
1030240563290,EPICRANIENNE 20X0.9 JAUNE
1030240563290,EPICRANIENNE 20X0.9 JAUNE
1030240563290,EPICRANIENNE 20X0.9 JAUNE
1030240563290,EPICRANIENNE 20X0.9 JAUNE
1030246060270,SERINGUE 2.5 ML
1030246060270,SERINGUE 2.5 ML
1030246060270,SERINGUE 2.5 ML
1030246060270,SERINGUE 2.5 ML
1030246062050,SERINGUE 20 ML
1030246062050,SERINGUE 20 ML
1030246062050,SERINGUE 20 ML
1030246062050,SERINGUE 20 ML
1030200821870,PERFUSEUR EUROFIX SR 3 VOIES L
1130314801100,LYCOPODE POUDRE 250 GR
1070104115450,COMPRESSES (10X10) SACH PAR BO
1070104115450,COMPRESSES (10X10) SACH PAR BO
1070104115450,COMPRESSES (10X10) SACH PAR BO
1070104155400,COMPRESSES OPHTALMO EYCOPAD ST
1030202504920,CHAMP STERILE 90X150 CM
1030202504920,CHAMP STERILE 90X150 CM
1030202504920,CHAMP STERILE 90X150 CM
1060504701760,KIT DE SUTURE
1060504701760,KIT DE SUTURE
1060504701760,KIT DE SUTURE
1030202504910,CHAMP STERILE  75X90 CM
1030202504910,CHAMP STERILE  75X90 CM
1070104137720,ZETUVIT STERILE 15 X 20
1070104112430,COMPRESSES 7.5 X 7.5 PAR 2
1070303030120,BANDE PEHA CREPP E 4M X 8 CM
1030306046070,RASOIRS NON STERILES
1030306046070,RASOIRS NON STERILES
1030306046070,RASOIRS NON STERILES
1030306046070,RASOIRS NON STERILES
1030306046070,RASOIRS NON STERILES
1070104115430,COMPRESSES 7.5 X 7.5CM PAR 5
1011291605210,OXYBUPROCAINE COLLYRE 0.4 %/4
1011291605210,OXYBUPROCAINE COLLYRE 0.4 %/4
1010291011220,VOLTARENE 100 MG COMPRIME LP
1010291011220,VOLTARENE 100 MG COMPRIME LP
1010291011220,VOLTARENE 100 MG COMPRIME LP
1010291011220,VOLTARENE 100 MG COMPRIME LP
1010391321400,LOXEN 10MG/10 ML SOL INJECTABL
1010391321400,LOXEN 10MG/10 ML SOL INJECTABL
1010391321400,LOXEN 10MG/10 ML SOL INJECTABL
1030340050220,CLAMP DE BAR
1030340050220,CLAMP DE BAR
1030340050220,CLAMP DE BAR
1030340050220,CLAMP DE BAR
1010391203780,HYPNOMIDATE 2MG/ML SOL INJECT
1010391203780,HYPNOMIDATE 2MG/ML SOL INJECT
1100243039710,GANTS INTERVENTION 6.5 (TAILLE
1100243039710,GANTS INTERVENTION 6.5 (TAILLE
1100243039710,GANTS INTERVENTION 6.5 (TAILLE
1100243039710,GANTS INTERVENTION 6.5 (TAILLE
1100243039710,GANTS INTERVENTION 6.5 (TAILLE
1100243039710,GANTS INTERVENTION 6.5 (TAILLE
1100243039710,GANTS INTERVENTION 6.5 (TAILLE
1100243039730,GANTS INTERVENTION 8.5 ( TAILL
1100243039730,GANTS INTERVENTION 8.5 ( TAILL
1100243039730,GANTS INTERVENTION 8.5 ( TAILL
1100243039730,GANTS INTERVENTION 8.5 ( TAILL
1100243039730,GANTS INTERVENTION 8.5 ( TAILL
1100243039730,GANTS INTERVENTION 8.5 ( TAILL
1100243039730,GANTS INTERVENTION 8.5 ( TAILL
1100204001030,GANTS VYNIL T. 8/9 NON POUDRES
1100204001020,GANTS VYNIL 9/10 NON POUDRES
1100204309740,GANTS INTERVENTION 9.5 ( TAILL
1100204309740,GANTS INTERVENTION 9.5 ( TAILL
1100204309740,GANTS INTERVENTION 9.5 ( TAILL
1100204309740,GANTS INTERVENTION 9.5 ( TAILL
1100204309740,GANTS INTERVENTION 9.5 ( TAILL
1100204309740,GANTS INTERVENTION 9.5 ( TAILL
1100204309740,GANTS INTERVENTION 9.5 ( TAILL
1100244000440,GANTS CMIC NITRILE TAILLE 9/10
1100204001010,GANTS VYNIL 6/7 NON POUDRES
1030300477070,MASQUE FFP1 ORANGE
1100143033480,GANTS STERILES GRAND MODELE
1100143033480,GANTS STERILES GRAND MODELE
1100143033480,GANTS STERILES GRAND MODELE
1100143033480,GANTS STERILES GRAND MODELE
1100143033480,GANTS STERILES GRAND MODELE
1100143033470,GANTS STERILES  MOYEN MODELE
1100143033470,GANTS STERILES  MOYEN MODELE
1100143033470,GANTS STERILES  MOYEN MODELE
1100143033470,GANTS STERILES  MOYEN MODELE
1100143033470,GANTS STERILES  MOYEN MODELE
1100240041110,GANTS EXAMEN NS EXAMTEX PETIT
1010492465180,BETADINE DERMIQUE 10% - 10 ML
1010492465180,BETADINE DERMIQUE 10% - 10 ML
1010392396420,PARACETAMOL INJ  500 MG - PEDI
1010392396420,PARACETAMOL INJ  500 MG - PEDI
1011490601100,MUCOMYST 200MG/SACHET
1011490601100,MUCOMYST 200MG/SACHET
1010890630190,NIFLURIL POMMADE 3% - TUBE 60
1010392312670,PARACETAMOL INJ 1G - ADULTE
1010392312670,PARACETAMOL INJ 1G - ADULTE
1010990630020,NIFLURIL 250 MG GELULES
1010291479280,DAFALGAN CODEINE COMPRIME
1010990238240,DAFALGAN 500MG GELULES
1010990238240,DAFALGAN 500MG GELULES
1010990238240,DAFALGAN 500MG GELULES
1010390072390,ACIDE ACETYLSALICYLIQUE (ASPE
1010390072390,ACIDE ACETYLSALICYLIQUE (ASPE
1010390072390,ACIDE ACETYLSALICYLIQUE (ASPE
1010390943910,TRANXENE 50MG / 2.5 ML
1010390943910,TRANXENE 50MG / 2.5 ML
1010390943910,TRANXENE 50MG / 2.5 ML
1011490072970,ACIDE ACETYLSALICYLIQUE (ASPEG
1011490072970,ACIDE ACETYLSALICYLIQUE (ASPEG
1010990319760,ERCEFURYL 200 MG GELULES
1010890242780,DECONTRACTYL POMMADE 80 GR
1010890242780,DECONTRACTYL POMMADE 80 GR
1010291271850,CETIRIZINE VIRLIX 10 MG COMPRI
1010291271850,CETIRIZINE VIRLIX 10 MG COMPRI
1010890422990,HEMOCLAR CREME 0.5% - 30 GR
1010890422990,HEMOCLAR CREME 0.5% - 30 GR
1010390752580,PRIMPERAN 10MG/2ML SOL INJECTA
1010535147160,VACCIN SPIROLEPT 200 MU/ML
1010535147160,VACCIN SPIROLEPT 200 MU/ML
1010535147160,VACCIN SPIROLEPT 200 MU/ML
1010535147160,VACCIN SPIROLEPT 200 MU/ML
1010535147160,VACCIN SPIROLEPT 200 MU/ML
1010291899960,TAHOR 40 MG COMPRIME
1010391724290,SOLU-MEDROL 120 MG LYOPHILISAT
1010391724410,METHYLPREDNISOLONE (SOLU-MEDRO
1010391724410,METHYLPREDNISOLONE (SOLU-MEDRO
1011190212800,COLLU-HEXTRIL
1010291410500,MEDROL 16 MG COMPRIME
1030100012690,AEROSOL EAU THERMALE 150 ML
1030100012690,AEROSOL EAU THERMALE 150 ML
1070340013000,ELASTOPLASTE HB 2.5MX3CM
1070340013000,ELASTOPLASTE HB 2.5MX3CM
1070340013050,ELASTOPLASTE HB 2.5MX6CM
1070340013050,ELASTOPLASTE HB 2.5MX6CM
1070340013100,ELASTOPLASTE HB 2.5MX8CM
1070340013150,ELASTOPLASTE HB 2.5MX10CM
1070248638400,BOMBE DE FROID ELASTOCOLD 400
1070306052150,PLATRIX 3 M X 20 CM
1070321377010,SURGIFIX T1
1070321377010,SURGIFIX T1
1070321377010,SURGIFIX T1
1070321377030,SURGIFIX T3
1070321377030,SURGIFIX T3
1070321377030,SURGIFIX T3
1070321377040,SURGIFIX T4
1070321377040,SURGIFIX T4
1070321377040,SURGIFIX T4
1070321377050,SURGIFIX T5
1070321377050,SURGIFIX T5
1030312345670,LUNETTES DE PROTECTION
1030312345670,LUNETTES DE PROTECTION
1030312345670,LUNETTES DE PROTECTION
1030312345670,LUNETTES DE PROTECTION
1030312345670,LUNETTES DE PROTECTION
1030312345670,LUNETTES DE PROTECTION
1030312345670,LUNETTES DE PROTECTION
1030312345670,LUNETTES DE PROTECTION
1030312345670,LUNETTES DE PROTECTION
1030312345670,LUNETTES DE PROTECTION
1030312345670,LUNETTES DE PROTECTION
1030312345670,LUNETTES DE PROTECTION
1030200395000,SONDE RIGIDE YANKAUER CH18
1030200395000,SONDE RIGIDE YANKAUER CH18
1030200395000,SONDE RIGIDE YANKAUER CH18
1030200395000,SONDE RIGIDE YANKAUER CH18
1030200112140,SONDE ASPI ENDOTRACHEALE CH 14
1030200112140,SONDE ASPI ENDOTRACHEALE CH 14
1030200112100,SONDE ASPI ENDOTRACHEALE CH 10
1030200112100,SONDE ASPI ENDOTRACHEALE CH 10
1030200193100,SONDE OXYGENE AVEC RACCORD CH
1030358751030,RACCORD BICONIQUE
1030358751030,RACCORD BICONIQUE
1030358751030,RACCORD BICONIQUE
1030200018260,SONDE ASPI SOUPLE BUCCALE CH 2
1030200018260,SONDE ASPI SOUPLE BUCCALE CH 2
1030200018260,SONDE ASPI SOUPLE BUCCALE CH 2
1030200030620,CATHETER SECURISE G16 (GRIS)
1030200030620,CATHETER SECURISE G16 (GRIS)
1030200030620,CATHETER SECURISE G16 (GRIS)
1030200030620,CATHETER SECURISE G16 (GRIS)
1030200030620,CATHETER SECURISE G16 (GRIS)
1030200030650,CATHETER SECURISE G18 (VERT)
1030200030650,CATHETER SECURISE G18 (VERT)
1030200030650,CATHETER SECURISE G18 (VERT)
1030200030650,CATHETER SECURISE G18 (VERT)
1030200030650,CATHETER SECURISE G18 (VERT)
1030200030660,CATHETER SECURISE G20 (ROSE)
1030200030660,CATHETER SECURISE G20 (ROSE)
1030200030660,CATHETER SECURISE G20 (ROSE)
1030200030660,CATHETER SECURISE G20 (ROSE)
1030200030660,CATHETER SECURISE G20 (ROSE)
1030200030600,CATHETER SECURISE G22 (BLEU)
1030200030600,CATHETER SECURISE G22 (BLEU)
1030200030600,CATHETER SECURISE G22 (BLEU)
1030200030600,CATHETER SECURISE G22 (BLEU)
1030200030600,CATHETER SECURISE G22 (BLEU)
1030200030630,CATHETER SECURISE G24 (JAUNE)
1030200030630,CATHETER SECURISE G24 (JAUNE)
1030200030630,CATHETER SECURISE G24 (JAUNE)
1030200030630,CATHETER SECURISE G24 (JAUNE)
1030200030630,CATHETER SECURISE G24 (JAUNE)
1080302002680,SAC JAUNE DECHETS ACTIVITE DE
1080302002680,SAC JAUNE DECHETS ACTIVITE DE
1080302002680,SAC JAUNE DECHETS ACTIVITE DE
1080302002680,SAC JAUNE DECHETS ACTIVITE DE
1080100700020,BALAI PLAT
1080100700020,BALAI PLAT
1080100700020,BALAI PLAT
1080100700020,BALAI PLAT
1080107020180,MANCHE POUR BALAI PLAT
1080107020180,MANCHE POUR BALAI PLAT
1080107020180,MANCHE POUR BALAI PLAT
1080100035100,REMALINE 35/10 FEUILLE 255X95
1030300016810,THERMOMETRE MED. ELECTRONIC ET
1070305007700,BANDE ELASTIQUE TYPE NYLEX 7 C
1070305007700,BANDE ELASTIQUE TYPE NYLEX 7 C
1070305007700,BANDE ELASTIQUE TYPE NYLEX 7 C
1070305007700,BANDE ELASTIQUE TYPE NYLEX 7 C
1070305007710,BANDE ELASTIQUE TYPE NYLEX 10
1070305007710,BANDE ELASTIQUE TYPE NYLEX 10
1070305007710,BANDE ELASTIQUE TYPE NYLEX 10
1070305007710,BANDE ELASTIQUE TYPE NYLEX 10
1070105016020,URGOSTRIP 100MMX6MM SACHET DE
1070105016020,URGOSTRIP 100MMX6MM SACHET DE
1070105016020,URGOSTRIP 100MMX6MM SACHET DE
1070305008150,BANDE CREPE TYPE VELPEAU 5 CM
1070305016810,BANDE ADHESIVE TYPE MEFIX 10 C
1070305017460,SPARADRAP   5M X 2CM
1070305017460,SPARADRAP   5M X 2CM
1070305014930,URGO  PANSEMENT PETIT MODELE
1070305014930,URGO  PANSEMENT PETIT MODELE
1070305009290,BANDE COHESIVE NYLEXOGRIP 7 CM
1070305008170,BANDE CREPE TYPE VELPEAU 10 CM
1070305008160,BANDE CREPE TYPE VELPEAU 7 CM
1070305007720,BANDE ELASTIQUE TYPE NYLEX 15
1070305007730,BANDE ELASTIQUE TYPE NYLEX 20
1030100074020,ATTELLE MODELABLE COUDE (ALUFO
1030100074020,ATTELLE MODELABLE COUDE (ALUFO
1030100074020,ATTELLE MODELABLE COUDE (ALUFO
1030100074120,JEU DE BRIDES POUR COUDE
1030200006690,FIL A SUTURE 3-0 -75 CM
1030200006690,FIL A SUTURE 3-0 -75 CM
1030200006690,FIL A SUTURE 3-0 -75 CM
1030200007470,FIL A SUTURE 2-0 - 90 CM
1030200007470,FIL A SUTURE 2-0 - 90 CM
1030200007470,FIL A SUTURE 2-0 - 90 CM
1030282648610,SONDE GASTRIQUE (SALEM) PVC CH
1030282648610,SONDE GASTRIQUE (SALEM) PVC CH
1110511663210,ELECTRODES MONITEUR POCHETTE W
1110511663210,ELECTRODES MONITEUR POCHETTE W
1030100002600,GEL ECG 260 GR
1030282648870,SONDE GASTRIQUE (SALEM) PVC CH
1030282648870,SONDE GASTRIQUE (SALEM) PVC CH
1030282648870,SONDE GASTRIQUE (SALEM) PVC CH
1030282648870,SONDE GASTRIQUE (SALEM) PVC CH
1030282648870,SONDE GASTRIQUE (SALEM) PVC CH
1030282648870,SONDE GASTRIQUE (SALEM) PVC CH
1030301050300,SONDE TRACHEALE 3 MM
1030301050300,SONDE TRACHEALE 3 MM
1030301050350,SONDE TRACHEALE 3.5 MM
1030301050350,SONDE TRACHEALE 3.5 MM
1030301050400,SONDE TRACHEALE 4 MM
1030301050400,SONDE TRACHEALE 4 MM
1030301790500,SONDE TRACHEALE 5 MM
1030301790500,SONDE TRACHEALE 5 MM
1030301790600,SONDE TRACHEALE 6 MM
1030301790600,SONDE TRACHEALE 6 MM
1030301790650,SONDE TRACHEALE 6.5 MM
1030301790650,SONDE TRACHEALE 6.5 MM
1030301790700,SONDE TRACHEALE 7 MM
1030301790700,SONDE TRACHEALE 7 MM
1030301790750,SONDE TRACHEALE 7.5 MM
1030301790750,SONDE TRACHEALE 7.5 MM
1030300011150,MASQUE OXYGENE MC ADULTE UU
1030300011020,MASQUE OXYGENE HC ADULTE (BLEU
1030300015440,FILTRE BAVU INSUFF RESPI - UU
1030300015440,FILTRE BAVU INSUFF RESPI - UU
1050301228600,MANCHE A PILES LARYNGO
1030300227640,LAME LARYNGO UU MACINTOSH  T4
1030300227630,LAME LARYNGO UU MACINTOSH T3
1030300227620,LAME LARYNGO UU MACINTOSH T2
1030300011920,MASQUE OXYGENE HC PEDIATRIQUE
1030300014830,MASQUE AEROSOL ADULTE
1030311120010,CANULE DE GUEDEL T2 VERT
1030311120010,CANULE DE GUEDEL T2 VERT
1030311130010,CANULE DE GUEDEL T3 ORANGE
1030311140010,CANULE DE GUEDEL T4 ROUGE
1030300011960,MASQUE OXYGENE MC PEDIATRIQUE
,
1030300014840,MASQUE AEROSOL ENFANT
1030101880350,AMPOULES RECHANGE LARYNGO
1030311100010,CANULE DE GUEDEL T0 NOIR/GRIS
1030311100010,CANULE DE GUEDEL T0 NOIR/GRIS
1030311110010,CANULE DE GUEDEL T1 BLANC
1050100071510,REANIMATEUR MANUEL PEDIATRIQUE
1050100071520,REANIMATEUR MANUEL ADULTE
,
1170100938850,ZOLETIL 100 FLACON
1170100029600,ROMPUN LYOPHILISE 5  FLACON
1170100029600,ROMPUN LYOPHILISE 5  FLACON
1170206425280,PINCE MOUCHETTE A COULANT
1170207031020,TORD-NEZ MANCHE BOIS 83 CM
1170206137610,BANDE VETRAP BLEU 10 CM X 18
1170207436770,PEIGNE GH703 1/10 MM FAVORITA
1170100884400,SOLIPAT 120 ML
1170207437950,TONDEUSE AESCULAP FAVORITA
1170100592960,VETEDINE 10 % SOL 1 LITRE
1040100001510,DRAP USAGE UNIQUE ECO 150X240
1080100000210,LAVETTE CARTON
1080100000210,LAVETTE CARTON
1080100000210,LAVETTE CARTON
1030300000030,ECHARPE UU
1030300000030,ECHARPE UU
1110100000200,BLOUSE UU  BLEUE FONCEE
1110100000200,BLOUSE UU  BLEUE FONCEE
1110100000200,BLOUSE UU  BLEUE FONCEE
1110100000280,BLOUSE DE SOINS OPAQUE
1110300000220,DRAP UU VSAV 150X210 CM
1110300000220,DRAP UU VSAV 150X210 CM
1110300000220,DRAP UU VSAV 150X210 CM
1110300000220,DRAP UU VSAV 150X210 CM
1070104855060,PANSEMENT ABSORB. FLUFF/NT 15X
1070104855060,PANSEMENT ABSORB. FLUFF/NT 15X
1070104855060,PANSEMENT ABSORB. FLUFF/NT 15X
1030200110230,PINCE D'ACCOUCHEMENT UMBICUT
1100200000010,GANTS VYNIL POUDRES TAILLE 6/7
1100200000030,GANTS VYNIL POUDRES TAILLE 8/9
1100200043430,GANTS LATEX SENSITEX TAILLE 8/
1030300007000,COTON - SACHET DE 700 BOULES
1030300007000,COTON - SACHET DE 700 BOULES
1030300012340,HARICOTS UU PLASTIQUE BEC VERS
3040214222600,MARCHE PIED
3040214222600,MARCHE PIED
3040249072640,GUERIDON ECONOMIQUE IVOIRE
3040214139000,TABOURET AVEC DOSSIER
3040249073550,TEST D'ISHIHARA
3040249073550,TEST D'ISHIHARA
1040214154210,BANDE ELECTRODE E.C.G. SIMPLE
3040214139480,DIVAN  D'EXAMEN UNITE MEDICALE
3040214139480,DIVAN  D'EXAMEN UNITE MEDICALE
3040214139480,DIVAN  D'EXAMEN UNITE MEDICALE
3040214208490,TENSIOMETRE MURAL
3040214208490,TENSIOMETRE MURAL
1040211474000,TOISE
1040211474000,TOISE
3040245003420,OTOSCOPE  FIB. OPTIQUE
3040245003420,OTOSCOPE  FIB. OPTIQUE
3040245003420,OTOSCOPE  FIB. OPTIQUE
304024513990 ,SPECULUM OSTOSCOPE DIAM 4 MM B
304024513990 ,SPECULUM OSTOSCOPE DIAM 4 MM B
304024513990 ,SPECULUM OSTOSCOPE DIAM 4 MM B
304024513990 ,SPECULUM OSTOSCOPE DIAM 4 MM B
304024513990 ,SPECULUM OSTOSCOPE DIAM 4 MM B
3040249037580,OPHTALMOSCOPE HEINE MINI 2000
1040214276440,AEROSOL TOUNDRA 300 ML
3040249006770,DISTRIBUTEUR DE GOBELETS
3040249067620,MARTEAU A REFLEXE BABINSKI INO
3040249067620,MARTEAU A REFLEXE BABINSKI INO
3040214208730,LAMPE STYLO NOIRE
1040414130930,PAPIER EGC-MAC 1200 RAMETTE 15
1040414233110,PAPIER ECG MAC 500  90X90MM 36
1040149007210,GOBELETS PLASTIQUE 15 CL PAR 1
1040149007210,GOBELETS PLASTIQUE 15 CL PAR 1
1040149007210,GOBELETS PLASTIQUE 15 CL PAR 1
1040149007210,GOBELETS PLASTIQUE 15 CL PAR 1
104024905809 ,COLLECTEUR AIGUILLES 250 ML
3040249022860,POUBELLE A PEDALE INOX 5 LITRE
1040249023500,BOITE A COTON 1 LITRE
1090200009990,PINCE DE MAGILL ADULTE
1040200008880,STETHOSCOPE NURESCOPE
1040200008880,STETHOSCOPE NURESCOPE
1040200008880,STETHOSCOPE NURESCOPE
1040200008880,STETHOSCOPE NURESCOPE
3040200000410,TENSIOMETRE AD VELCRO NOIR AV
1080313063660,ANIOSGEL  300ML POMPE
1080313063660,ANIOSGEL  300ML POMPE
1080103471290,SURFANIOS PREMIUM 20 ML
1080310482730,MANUGEL DOSES 3 ML
1080310612290,SAVON DOUX 1 LITRE
1080103651290,DETERG'ANIOS DOSE 20 ML
1080101650970,HEXANIOS LIQUIDE G+R DOSE 25 M
1080101650360,HEXANIOS LIQUIDE G+R BIDON 5 L
1080107870340,SPRAY C3.29 BIDON 5 LITRES
1080103470360,SEPTANIOS BIDON 5L
1080110603710,ANIOS TSA FLACON 750 ML
1080310610340,SAVON DOUX BIDON 5 LITRES
1080102890730,ANIOSPRAY 41 FLACON 1 LITRE
1080310482740,MANUGEL FLACON 300 ML
1080104040020,INSTRUBAC 10 LITRES
1030302520540,BAVU - MASQUE UU ADULTE  TAILL
1030302520550,BAVU - MASQUE UU ADULTE MEDIUM
1030302420020,BAVU - INSUFFLATEUR SPUR ADULT
1030302430040,BAVU - INSUFFLATEUR SPUR PEDIA
1070161010250,BRULURES COMPRESSE 10 X 10 CM
1070161010250,BRULURES COMPRESSE 10 X 10 CM
1070161010250,BRULURES COMPRESSE 10 X 10 CM
1070161010250,BRULURES COMPRESSE 10 X 10 CM
1070161020250,BRULURES COMPRESSE 20 X 20 CM
1070161020250,BRULURES COMPRESSE 20 X 20 CM
1030302090560,BAVU - MARK III VALVE 1 CLAQUE
1030302090000,ENVELOPPE EXTERIEURE MARK III
1030302950000,VALVE MARK III - 1 CLAPET
1030300003120,MASQUE BOURRELET BLEU TAILLE 4
1030300003170,MASQUE BOURRELET BLEU TAILLE 5
1030302670010,EMBOUT BUCCAL SABATHIE
1160302820050,MANNEQUIN JUNIOR
3160302825110,JEU 10 PIECES NEZ BOUCHE / MAN
1160302825120,SAC INSUFLATION JEU DE 24 SACS
1160302560010,MANNEQUIN AMBU BABY
1160302567030,JEU DE 5 PEAUX DE VISAGE
1010390218190,CONTRATHION 2 % BTE 10 FL + 10
1010391715360,NALONE 0.4MG/ML
1010391270090,NUBAIN 20MG/2ML
1090200007830,PINCE A ECHARDE 8 CM
1090200007830,PINCE A ECHARDE 8 CM
1090200007830,PINCE A ECHARDE 8 CM
1090200007830,PINCE A ECHARDE 8 CM
1030300007870,EPINGLE DE SURETE
1090100078410,CISEAUX 19 CM TYPE GESCO
1090100078410,CISEAUX 19 CM TYPE GESCO
1090100078410,CISEAUX 19 CM TYPE GESCO
1030300076910,MASQUE BOUCHE A BOUCHE
1030300076910,MASQUE BOUCHE A BOUCHE
1030300076910,MASQUE BOUCHE A BOUCHE
1030300076910,MASQUE BOUCHE A BOUCHE
1070300007610,COUSSIN HEMOSTATIQUE COMPRESSI
1070300007610,COUSSIN HEMOSTATIQUE COMPRESSI
1070300007610,COUSSIN HEMOSTATIQUE COMPRESSI
1070300007610,COUSSIN HEMOSTATIQUE COMPRESSI
1110400073710,TROUSSE ABS VIDE
1030100007620,COUVERTURE DE SURVIE
1030100007620,COUVERTURE DE SURVIE
1030100007620,COUVERTURE DE SURVIE
1030100007620,COUVERTURE DE SURVIE
1030100007620,COUVERTURE DE SURVIE
1030100007620,COUVERTURE DE SURVIE
1030100007620,COUVERTURE DE SURVIE
1030300007640,POCHETTE DE FROID
1030300007640,POCHETTE DE FROID
1030300007640,POCHETTE DE FROID
1030100007630,ECHARPE TRIANGULAIRE
1030191126920,HIBISCRUB 4 %  500 ML
1030191126920,HIBISCRUB 4 %  500 ML
1030203648870,CORPS VACUTAINER - TULIPE
1030203648870,CORPS VACUTAINER - TULIPE
1030203648870,CORPS VACUTAINER - TULIPE
1030203648870,CORPS VACUTAINER - TULIPE
1030203673000,ADAPTATEUR VACUTAINER STERILE
1030203673000,ADAPTATEUR VACUTAINER STERILE
1030203673000,ADAPTATEUR VACUTAINER STERILE
1030203673000,ADAPTATEUR VACUTAINER STERILE
1030203673000,ADAPTATEUR VACUTAINER STERILE
1130200100960,SAC MEDECIN ROUGE
1130200910110,TROUSSE ACCESSOIRE ROUGE
1130200910120,SAC ACCESSOIRE VERTE
1130200910060,AMPOULIER A PLATEAUX JAUNE
1130200910280,MINI AMPOULIER ROUGE
1030100700070,SOLUTION TAMPON PH 7 EN SACHET
1110115523110,POCHETTE  A TUBES
1080110732460,DECONTAMINANT TFD PEAU 460 GR
1010190883090,STRIADYNE IV 2 ML - 20 MG
1010190883090,STRIADYNE IV 2 ML - 20 MG
1040400005000,COLLECTEUR AIGUILLES HERISSON
1011092017050,VENTOLINE SPRAY 100UG/DOSE (20
1011092017050,VENTOLINE SPRAY 100UG/DOSE (20
1011092017050,VENTOLINE SPRAY 100UG/DOSE (20
1010592258120,VACCIN ENGERIX B ADULTE 20UG/1
1010592258120,VACCIN ENGERIX B ADULTE 20UG/1
1010592258120,VACCIN ENGERIX B ADULTE 20UG/1
1030100000140,PH-QUICK BANDELETTES PH 0-14 (
1030100045100,PH-QUICK BANDELETTES PH4.5-10
1030100000600,PH-QUICK BANDELETTES PH 0-6 (1
1030100007140,PH-QUICK BANDELETTES PH 7-14 (
3040607822200,SUPPORT MURAL CORDON POUR LSU
3040607804000,BATTERIE POUR LSU
3040607804000,BATTERIE POUR LSU
3040607804000,BATTERIE POUR LSU
1040609850010,RECHARGE ASPIRATEUR MUCOSITE V
3060800000010,PERFUSEUR INTRAOSSEUX PEDIATRI
3060800000020,PERFUSEUR INTRA OSSEUX ADULTE
1160500001230,SANGLE COLLIER SOBER ADULTE (1
1160500001230,SANGLE COLLIER SOBER ADULTE (1
1160500004560,SANGLE COLLIER SOBER PEDIA T 1
1160500004560,SANGLE COLLIER SOBER PEDIA T 1
1160500000010,COLLIER  SOBER PEDIATRIQUE T1
1160500000010,COLLIER  SOBER PEDIATRIQUE T1
1160500000130,COLLIER  SOBER PEDIATRIQUE T2
1160500000130,COLLIER  SOBER PEDIATRIQUE T2
1160500000350,COLLIER  SOBER PEDIATRIQUE T3
1160500000350,COLLIER  SOBER PEDIATRIQUE T3
1160500000100,COLLIER  SOBER   ADULTE TAILLE
1160500000100,COLLIER  SOBER   ADULTE TAILLE
1160500000200,COLLIER  SOBER ADULTE TAILLE 2
1160500000200,COLLIER  SOBER ADULTE TAILLE 2
1160500000300,COLLIER  SOBER ADULTE TAILLE 3
1160500000300,COLLIER  SOBER ADULTE TAILLE 3
3080107079600,CHARIOT DE LAVAGE PLASTIQUE
3080107079600,CHARIOT DE LAVAGE PLASTIQUE
1010392268520,NALBUPHINE  20MG/2ML
1010392268520,NALBUPHINE  20MG/2ML
1010392268520,NALBUPHINE  20MG/2ML
1010392268520,NALBUPHINE  20MG/2ML
1010392231090,NALOXONE (NARCAN) 0.4MG/1ML
1010392231090,NALOXONE (NARCAN) 0.4MG/1ML
1010392231090,NALOXONE (NARCAN) 0.4MG/1ML
1010392231090,NALOXONE (NARCAN) 0.4MG/1ML
1010392394290,SALBUTAMOL MERCK 5MG/5ML
3040200810010,ERGOVISION
3040200007010,MICROSPIRO HI-701
1040200000140,FILTRES SPIROMETRE PAR 100
1040200000150,FILTRES POUR FLASQUES X 5
3040200007500,SERINGUE CALIBRATION MICROSPIR
1040200819000,PAPIER POUR ERGOVISION C81
1040200005100,ROULEAU PAPIER MICROSPIRO/AUDI
1040200000110,EMBOUTS CAPTEUR MICROSPIRO X 1
1040200000320,PINCE NEZ POUR MICROSPIROMETRE
1040200000320,PINCE NEZ POUR MICROSPIROMETRE
1110300002500,PLOMB BLEU - LOT DE 10
1110300002500,PLOMB BLEU - LOT DE 10
1110300002510,PLOMB JAUNE - LOT DE 10
1110300002510,PLOMB JAUNE - LOT DE 10
1110300002520,PLOMB ROUGE - LOT DE 10
1110300002520,PLOMB ROUGE - LOT DE 10
1110300002530,PLOMB GRIS - LOT DE 10
1110300002530,PLOMB GRIS - LOT DE 10
1080300013410,SPRAY INSECTICIDE
1080300013410,SPRAY INSECTICIDE
1110101100000,HOUSSE MORTUAIRE
1110101100000,HOUSSE MORTUAIRE
1110101100000,HOUSSE MORTUAIRE
1110101100000,HOUSSE MORTUAIRE
1170200050230,CARTOUCHE CO2/N2O - 8G PAR 10
1170200031410,SERINGUE SPEEDY 3.5ML- CANULE
1170200031420,SERINGUE SPEEDY 3.5ML-CANULE 3
1170200030790,SERINGUE EASY 5ML POUR TIR LON
1170200031700,CANULES 38MM + COLLERETTE ET L
1170200031710,CANULES 25 MM + COLLERETTES ET
1170200030500,PIECE AVANT SERINGUE POUR ESSA
1170200030490,STABILISATEUR EMPLUME
1170200030230,CYLINDRE DE SERINGUE 3 ML
1170200030240,CYLINDRE DE SERINGUE 4 ML
3170200040040,PROJECTEUR SERINGUE MODELE 72
3170200040280,VISEUR POINTER ROUGE
1180100003040,PATES DE FRUITS ( A L'UNITE )
1180100003220,BARRE  CEREALES POMME/ABRICOT
1180100003220,BARRE  CEREALES POMME/ABRICOT
3050100000060,POMPE A VIDE POUR MATELAS
3050100000060,POMPE A VIDE POUR MATELAS
1160100001000,MATELAS A DEPRESSION
1160100001000,MATELAS A DEPRESSION
3160400001230,JEU D'ATTELLES A DEPRESSION +
3160200000010,CHAISE PORTOIR 4 POIGNEES BLEU
1160200000110,SANGLES CHAISE PORTOIR
3160200000020,BRETELLES DE SECURITE 2 PAIRES
1160200000020,COUVERTURE ISOTHERMIQUE 134X22
1160400000400,ATTELLE DE TRACTION
1160200000101,CEINTURES DE SECURITE X 2
3160205096400,IMMOBILISATEUR DE TETE (CALE-T
3160205096400,IMMOBILISATEUR DE TETE (CALE-T
3160205096400,IMMOBILISATEUR DE TETE (CALE-T
3160205090500,IMMOBILISATEUR DE RACHIS-ACT C
3160205090500,IMMOBILISATEUR DE RACHIS-ACT C
1160105080200,PLAN DUR  JAUNE
1130203038100,SAC MEDICAL VIDE BLEU
1090107534000,CISEAUX DE DEGAGEMENT
1160200060250,COUVERTURE BACTERIO  180X120
1160200060250,COUVERTURE BACTERIO  180X120
1010227637230,SODIUM EN BAGUETTE 22X67MM 250
3040100002340,MONITORING HY-LITE HYGIENE SYS
1030100227320,LIEN / GALON EN COTON
1030300017360,POT COUVERCLE VISSANT 1 LITRE
1030300017360,POT COUVERCLE VISSANT 1 LITRE
1110300000820,BAC GERBABLE EMBOITABLE 25 LIT
1110300000890,BAC GERBABLE EMBOITABLE 76 LIT
1110100000880,PLOMBAGE (LOT DE 500)
1110100000510,SCELLES PLASTIQUE SARIMA X100
1080300029060,SAC BLEU 30 LITRES 1 ROULEAU
1080300017940,CRUCHONS 250 ML
1080317941210,BOUCHON COMPTE-GOUTTE 125/250/
1110301252110,ROULEAU MAGNETIQUE 2.5CMX10M
1130909001030,PORTE ETIQUETTE ADHESIF
1030200000200,HEXAFLUORINE 500 ML
1070103815100,DERMAFILM  OU OPSITE 14 X 10CM
1070103815100,DERMAFILM  OU OPSITE 14 X 10CM
1070103815100,DERMAFILM  OU OPSITE 14 X 10CM
1070103815100,DERMAFILM  OU OPSITE 14 X 10CM
1030200481200,POCHE DE RECUEIL URINAIRE
1130900000160,URGENCE PRATIQUE ABONNEMENT 1
1130902561460,PRESCRIRE ABONNEMENT 1 AN
1110300000500,PELUCHE
1110300000500,PELUCHE
1110511996170,ELECTRODES ADULTE DSA
1110511996170,ELECTRODES ADULTE DSA
1110511101160,ELECTRODES DSA PEDIATRIQUE
1040411141400,BATTERIE FASTPAK NICAD 1AH/12V
3040100112100,SUPPOR MURAL + SANGLES POUR DS
3050100994010,DSA LIFEPAK 500 BIPHASIQUE
1110511240160,LIFEPAK PAPIER DSA-12 BTES 2 R
1110500111410,PILE LITHIUM (DSA) LP 500
1110500111410,PILE LITHIUM (DSA) LP 500
3040100056000,MODEM
3040100056000,MODEM
1110300111500,CABLE LIAISON NOVAFAX ET MODEM
3050100004000,MONITEUR MULTIPARA. UT4000A
1110500008630,BRASSARD ADULTE MONITEUR
1110500008630,BRASSARD ADULTE MONITEUR
1110500008630,BRASSARD ADULTE MONITEUR
1110500008630,BRASSARD ADULTE MONITEUR
1110500008630,BRASSARD ADULTE MONITEUR
1110500008430,BRASSARD ENFANT MONITEUR
1110500008430,BRASSARD ENFANT MONITEUR
1110500008430,BRASSARD ENFANT MONITEUR
1110500008430,BRASSARD ENFANT MONITEUR
1110500000050,CABLE ECG 5 BRINS MONITOR
1110500000020,BRINS POUR ECG
1110500010010,CAPTEUR DOIGT SP 02 ADULTE MON
1110500010010,CAPTEUR DOIGT SP 02 ADULTE MON
1110500010010,CAPTEUR DOIGT SP 02 ADULTE MON
1110500010010,CAPTEUR DOIGT SP 02 ADULTE MON
1110500010010,CAPTEUR DOIGT SP 02 ADULTE MON
1110500010010,CAPTEUR DOIGT SP 02 ADULTE MON
1110500100110,CAPTEUR DOIGT SP 02 PEDIA MONI
1110500100110,CAPTEUR DOIGT SP 02 PEDIA MONI
1110500100110,CAPTEUR DOIGT SP 02 PEDIA MONI
1040400011110,BATTERIE POUR MONITEUR
1040400011110,BATTERIE POUR MONITEUR
1040400011110,BATTERIE POUR MONITEUR
1040400011110,BATTERIE POUR MONITEUR
1110500012340,PAPIER IMPRIMANTE MONITEUR
3040200760010,AUDIOSCAN NOUVELLE GENERATION
1070191768410,FLECTOR TISSUGEL COMPRESSE (BO
1160109800850,PORTOIR SOUPLE EVACUATION  8 P
1160109800850,PORTOIR SOUPLE EVACUATION  8 P
1030302910420,LAME LARYNGO UU MILLER T1.
1030302910420,LAME LARYNGO UU MILLER T1.
1030302910440,LAME LARYNGO UU MAC T2
1030302910450,LAME LARYNGO UU MAC T3
1030302910460,LAME LARYNGO UU MAC T4
1110309702620,LAMPE STYLO JETABLE
1110309702620,LAMPE STYLO JETABLE
1010291569330,ASPIRINE  1000 MG VOIE ORALE
1010291569330,ASPIRINE  1000 MG VOIE ORALE
1010291569330,ASPIRINE  1000 MG VOIE ORALE
1010391820370,CYANOKIT 5 G
1010391820370,CYANOKIT 5 G
1030300623540,MASQUE  FFP1 BLANC
1110100007650,POCHE ISOTHERMIQUE PM (DOIGT)
1110100076500,POCHE ISOTHERMIQUE GM
1110100076500,POCHE ISOTHERMIQUE GM
1110100076500,POCHE ISOTHERMIQUE GM
1110100076500,POCHE ISOTHERMIQUE GM
1010390299040,EAU PPI AMPOULE VERRE
1070103920200,PANSEMENT CATHETER
1070103920200,PANSEMENT CATHETER
1070103920200,PANSEMENT CATHETER
1030306955620,LUBRIFIANT SONDE
1030306955620,LUBRIFIANT SONDE
1030306955620,LUBRIFIANT SONDE
1030306955620,LUBRIFIANT SONDE
1080300066610,HYGIKIT RECHARGE FL POUDRE 50G
1080300055510,HYGIKIT RECHARGE CREME 200 ML
1080306861880,SERVIETTES MULTIUSAGES 24X30 C
1030300001150,TUBE HEPARINE VERT 5 ML
1030303678640,TUBE EDTA 10 ML MAUVE
1030303688610,TUBE EDTA 5 ML MAUVE
1030303689210,TUBE FLUORE 5 ML GRIS
1030303677040,TUBE CITRATE 5 ML BLEU
1030303688150,TUBE SEC 10 ML ROUGE
1050109850000,ASPIRATEUR MANUEL MUCOSITES LA
1110300055500,ECHELLE VISUELLE EVALUATION DO
1110300055500,ECHELLE VISUELLE EVALUATION DO
1110300020000,ROULEAU 500 SACS  A SOUDER
1130600001080,FRAIS DE PORT
1130600001080,FRAIS DE PORT
1130600001080,FRAIS DE PORT
1130600001080,FRAIS DE PORT
1130600001080,FRAIS DE PORT
1130600001080,FRAIS DE PORT
1130600001080,FRAIS DE PORT
1130600001080,FRAIS DE PORT
1130600001080,FRAIS DE PORT
1130600001080,FRAIS DE PORT
1130600001080,FRAIS DE PORT
1130600001080,FRAIS DE PORT
1130600001080,FRAIS DE PORT
1130600001080,FRAIS DE PORT
1130600001080,FRAIS DE PORT
1130600001080,FRAIS DE PORT
1130600001080,FRAIS DE PORT
1130600001080,FRAIS DE PORT
1130600001080,FRAIS DE PORT
1130600001080,FRAIS DE PORT
1130600001080,FRAIS DE PORT
1130600001080,FRAIS DE PORT
1130600001080,FRAIS DE PORT
1130600001080,FRAIS DE PORT
1130600001080,FRAIS DE PORT
1130600001080,FRAIS DE PORT
1130600001080,FRAIS DE PORT
1130600001080,FRAIS DE PORT
1130600001080,FRAIS DE PORT
1130600001080,FRAIS DE PORT
1130600001080,FRAIS DE PORT
1130600001080,FRAIS DE PORT
1130600001080,FRAIS DE PORT
1130600001080,FRAIS DE PORT
1130600001080,FRAIS DE PORT
1130600001080,FRAIS DE PORT
1130600001080,FRAIS DE PORT
1130600001080,FRAIS DE PORT
1130600001080,FRAIS DE PORT
1130600001080,FRAIS DE PORT
1130600001080,FRAIS DE PORT
1130600001080,FRAIS DE PORT
1130600013250,FRAIS DE PORT PRORISK
1160105090180,SANGLES MAINTIEN PL 2 PARTIES
1160105090170,SANGLES MAINTIEN PL 1 PARTIE
2061000000010,KIT HYGIENE SP
2061000000020,KIT HYGIENE VICTIME
1130800012340,FICHES DE BILAN (PAR 100 EX.)
1080200039320,BOITE JAUNE AIGUILLE PM
1080200384100,SUPPORT POUR BOITE JAUNE A AIG
1080200384100,SUPPORT POUR BOITE JAUNE A AIG
1080200038450,BOITE JAUNE 2 LITRES CABINET M
1080200038450,BOITE JAUNE 2 LITRES CABINET M
1080200038450,BOITE JAUNE 2 LITRES CABINET M
1080200038450,BOITE JAUNE 2 LITRES CABINET M
1010491580910,BISEPTINE 40 ML
1010100620920,ADRENALINE 5MG/5ML
1010100620920,ADRENALINE 5MG/5ML
1010100620920,ADRENALINE 5MG/5ML
1170200030250,CYLINDRE DE SERINGUE 5 ML
1170200040300,SARBACANE DELTA
1170200060110,SERINGUE A DISTANCE GROS ANIMA
1170200060120,ELEMENT DE RALLONGE
1170200060030,AIGUILLES 19 MM (SACHET DE 5)
1170200060040,AIGUILLES DE 25 MM (SACHET DE
1170200060050,SERINGUE 5ML POUR SERINGUE A D
3170200040290,POINTEUR LASER
1170200050090,KIT NETTOYAGE
1170200050010,GRAISSE SILICONE
1170200050200,CARTOUCHE DE GAZ
1170200030430,PISTON EN CAOUTCHOUC
1170200020060,CAPSULE POUR SERINGUE (BOITE D
1170200030540,FREIN DE SERINGUE
1170200030990,RACCORD POUR SERINGUE
1130700017660,ACTUALITES PHARMACEUTIQUES HOS
1080300164140,BAC DE TREMPAGE
1080300164180,COUVERCLE BAC DE TREMPAGE
1130900046370,FRAIS ENVIRONNEMENT
1010935996290,TAMIFLU GELULES 75 MG (BT 10)
1010935996290,TAMIFLU GELULES 75 MG (BT 10)
1010935996290,TAMIFLU GELULES 75 MG (BT 10)
1040200007550,EMBOUTS MICROSPIRO UU
1040200007550,EMBOUTS MICROSPIRO UU
1080317941160,CRUCHONS 60 ML
1130403758070,BAC A COUVERCLE GRIS 25L
1130403758080,BAC A COUVERCLE GRIS 46L
1080317941170,CRUCHONS 125ML
1130600001090,FRAIS DE PORT ROCHE DIAGNOSTIC
1010455238950,BETADINE  SCRUB 4% / 500ML
1010455238950,BETADINE  SCRUB 4% / 500ML
1010455238950,BETADINE  SCRUB 4% / 500ML
1160400049190,SANGLE FIXATION MENTON FRONT F
1160400049190,SANGLE FIXATION MENTON FRONT F
1010590978400,VACCIN GRIPPE
1010590978400,VACCIN GRIPPE
1010590978400,VACCIN GRIPPE
1010590978400,VACCIN GRIPPE
1010590978400,VACCIN GRIPPE
1010590978400,VACCIN GRIPPE
1010590978400,VACCIN GRIPPE
3110300000000,MEUBLE SOUS PAILLASSE
1080325103000,CRUCHON FLAC 125ML UD SEC
1080325103000,CRUCHON FLAC 125ML UD SEC
1080325105000,BOUCHON FLAC BASCU UD SECOURIS
1080325105000,BOUCHON FLAC BASCU UD SECOURIS
1010432924630,SEPTEAL SOL USAG EXT 250ML
1010435456800,MERCRYL SOL ANTISEPT FL 125ML
1110100000010,BRACELET IDENTIFICATION ADULTE
1110100000020,BRACELET IDENTIFICATION ADULTE
1110100000030,BRACELET IDENTIFICATION ADULTE
1040411141270,BATTERIE LIFEPAK NICAD 1.7AH/1
1080306862010,ROULEAU DRAP EXAMEN CAB MED
1080306862010,ROULEAU DRAP EXAMEN CAB MED
1030200020000,DIPHOTERINE POCHE PVC 500ML
1030200002000,DIPHOTERINE 500MLNE PAS UTILIS
1160544948580,COLLIER CERVICAL  REGLABLE UU
1160544948580,COLLIER CERVICAL  REGLABLE UU
1030300005140,MASQUE VICTIME  ANTI-PROJECTIO
1030300005140,MASQUE VICTIME  ANTI-PROJECTIO
1030300005140,MASQUE VICTIME  ANTI-PROJECTIO
1030300005140,MASQUE VICTIME  ANTI-PROJECTIO
1030300005140,MASQUE VICTIME  ANTI-PROJECTIO
1030300005140,MASQUE VICTIME  ANTI-PROJECTIO
1080300002230,COMBINAISON POLYPRO T3
1110100001000,ABAISSE LANGUE
1110100001000,ABAISSE LANGUE
1110100001000,ABAISSE LANGUE
1110100001000,ABAISSE LANGUE
1110500000000,RALLONGE CABLE SPO2
1110500000000,RALLONGE CABLE SPO2
1110500000000,RALLONGE CABLE SPO2
1110500000000,RALLONGE CABLE SPO2
1110500000000,RALLONGE CABLE SPO2
1160200052000,TOILE POUR CHAISE PLIABLE BLEU
1010200024250,IODURE DE K 130  MG 10CP    +
1010200024250,IODURE DE K 130  MG 10CP    +
1010200024250,IODURE DE K 130  MG 10CP    +
1160200100670,SAC SECOURISME BLEU MEDIPACK C
1010130870360,PROSTIGMINE  0.5MG / 1 ML BT 6
1010130870360,PROSTIGMINE  0.5MG / 1 ML BT 6
1010130870360,PROSTIGMINE  0.5MG / 1 ML BT 6
1050100985010,ASPIRATEUR ELECTRIQUE DE MUCOS
1030302520560,BAVU - MASQUE UU GRAND ADULTE
1010392315630,VOLUVEN 6% 500 ML
1010290558240,LYSOPAINE CP
1080114931290,ANIOSURF 20 ML ORANGE
1080100003090,SERVIETTE TOILETTE EPONGE  UU
1080100003090,SERVIETTE TOILETTE EPONGE  UU
1080100003090,SERVIETTE TOILETTE EPONGE  UU
1070305014950,NE PAS UTILISER
1010290752640,PRIMPERAN 10MG CP
1080100029330,SAVON UNIDOSE 10 ML VSAV
1080100029330,SAVON UNIDOSE 10 ML VSAV
1080100029330,SAVON UNIDOSE 10 ML VSAV
1080100029330,SAVON UNIDOSE 10 ML VSAV
1040811230050,CABLE LIAISON LP12 A ORDI PC
1080306240800,MASQUE FFP2
1080306240800,MASQUE FFP2
1080306240800,MASQUE FFP2
1080306240800,MASQUE FFP2
1080306240800,MASQUE FFP2
1080306240800,MASQUE FFP2
1080306240800,MASQUE FFP2
1010135395500,TUBERTEST
1010135395500,TUBERTEST
1030261485190,SERINGUE TUBERCULINE 1ML BT 10
1030261485190,SERINGUE TUBERCULINE 1ML BT 10
1010466624170,ALCOOL MODIFIE 1L
1070105014950,URGO PANSEMENT GRAND MODELE
1070105014950,URGO PANSEMENT GRAND MODELE
1110300001750,CHAUFFE BIBERON THERMOBABY
1080325060000,FLACON VERRE BLC BAG 28 30 ML
1080325060100,FLACON VERRE BLC BAG 28 60 ML
1080325021250,BOUCHON FLACON VERRE BLC BAG 2
1110354327430,TUBE POUR ASPIRATEUR HYGIENE V
1040111210030,SUPPORT MURAL DSA
1011091943940,TRINITRINE (NATISPRAY) 0.30MG/
1011091943940,TRINITRINE (NATISPRAY) 0.30MG/
1011091943940,TRINITRINE (NATISPRAY) 0.30MG/
1010390867820,PHLOROGLUCINOL (SPASFON) INJ 4
1010390867820,PHLOROGLUCINOL (SPASFON) INJ 4
1010292232560,LOPERAMIDE LYOC 2MG
1010292232560,LOPERAMIDE LYOC 2MG
1010292232560,LOPERAMIDE LYOC 2MG
1080312000360,ANIOSYME BIDON 5L POMPE DOSEUS
1080300002250,COMBINAISON POLYPRO T5
1110410425080,LAMPE FRONTALE LED X 3 ENERGIZ
1080172311220,MOUCHOIRS PAPIER LE PAQUET DE
1080172311220,MOUCHOIRS PAPIER LE PAQUET DE
1090460567860,BONNET BEBE JERSEY TUBULAIRE
1090460567860,BONNET BEBE JERSEY TUBULAIRE
1160400000110,ATTELLE DEPRESSION POIGNET
1160400000110,ATTELLE DEPRESSION POIGNET
1160400000120,ATTELLE DEPRESSION BRAS
1160400000120,ATTELLE DEPRESSION BRAS
1160400000130,ATTELLE DEPRESSION JAMBE
1160400000130,ATTELLE DEPRESSION JAMBE
1160400000140,ATTELLE SAC POUR JEU
1160400000140,ATTELLE SAC POUR JEU
1160400000140,ATTELLE SAC POUR JEU
1030300051000,ERCEFILM AEROSOL 150 ML ERCELA
1160200030720,SPATULES POUR CIMENT
1010392810290,ATROPINE 1 MG/1 ML AMP
1010192812880,GLUCOSE 30% 10ML AMP POLYPROPY
1170100029550,ROMPUN 2%  FLACON 25 ML
1170100029550,ROMPUN 2%  FLACON 25 ML
,
1110365212730,CADENAS CITY 45
1160268038490,GARROT ARTERIEL SANGLE POLYPR
1160268038490,GARROT ARTERIEL SANGLE POLYPR
1160268038490,GARROT ARTERIEL SANGLE POLYPR
1170200030780,SERINGUE EASY 3ML POUR TIR LON
1110301773160,ADHESIF POLYPROPYLENE 4089
1110300009220,DEVIDOIR DE COMPTOIR
1010292331600,TAHOR 80MG
1010292591360,APROVEL 150
1110300303970,CASIER 6 B5 AVEC ROULETTES
1030300000000,POT COUVERCLE VSSANT 2 LITRES
1130500000010,CODE BARRE ETIQUETTES 65X22 LE
1130500000020,CODE BARRE FILM TRANSFERT CIRE
1030203215000,MASQUE LARYNGE UU AMBU T 5
1010356330980,LOXAPAC IM 50MG 2ML
1010356330980,LOXAPAC IM 50MG 2ML
1010190868130,SPASFON 80MG LYOC 10 CP
1010190868130,SPASFON 80MG LYOC 10 CP
1010190868130,SPASFON 80MG LYOC 10 CP
1010291521310,VOGALENE LYOC 7.5
1010291521310,VOGALENE LYOC 7.5
1010291521310,VOGALENE LYOC 7.5
1010233332800,SUDAFED CP 60MG BT 15
1010233332800,SUDAFED CP 60MG BT 15
1040290558910,PINCE ECG JAUNE CAB MED
1040290558920,PINCE ECG NOIRE CAB MED
1040290558930,PINCE ECG ROUGE CAB MED
1040290558940,PINCE ECG VERTE CAB MED
1110300000120,ETIQUETTE GAZ MEDICAL
1110300000130,FRAIS DE COMPOSITION
1110300000130,FRAIS DE COMPOSITION
1110300015080,RIVET POUR ETIQUETTE GAZ MEDIC
2061100000900,VALISETTE PS VL VLCG VTU VTP V
1061100000920,VALISETTE PS  FPTL FPT CCR
1040607804360,LSU PLAQUES DE FIXATION ARRIER
1030377339870,SACS VOMITOIRE A L'UNITE
1030377339870,SACS VOMITOIRE A L'UNITE
1030377339870,SACS VOMITOIRE A L'UNITE
1070100012120,BRULURES COMPRESSE 30X30 CM
1040223418080,ECG CABLE EMBASE 10 D
1080100014170,FILTRE APRES MOTEUR ASPI DC05
1080100052230,FILTRE DISQUE MOUSSE ASPI DC05
1080101648200,TUBE TELESCOPIQUE DYSON DC05
1131000068030,CORDON ALIM
3160105060050,CIVIERE DE RELEVAGE SCOOP
1010390759620,KETOPROFENE IV (PROFENID) 100M
1030240951200,ROBINET 3 VOIES DISCOFIX ROUGE
1080115685440,SURFA'SAFE  OU DETERGENT DESIN
1080115685440,SURFA'SAFE  OU DETERGENT DESIN
1080115685440,SURFA'SAFE  OU DETERGENT DESIN
1080115685440,SURFA'SAFE  OU DETERGENT DESIN
1110100000040,BRACELET IDENTIFICATION ADULTE
1110300000000,URINAL PLAST H  1 L
1110300000000,URINAL PLAST H  1 L
1110300000000,URINAL PLAST H  1 L
1100243039720,GANTS INTERVENTION 7.5 ( TAILL
1100243039720,GANTS INTERVENTION 7.5 ( TAILL
1100243039720,GANTS INTERVENTION 7.5 ( TAILL
1100243039720,GANTS INTERVENTION 7.5 ( TAILL
1100243039720,GANTS INTERVENTION 7.5 ( TAILL
1100243039720,GANTS INTERVENTION 7.5 ( TAILL
1100243039720,GANTS INTERVENTION 7.5 ( TAILL
1110300000880,PIECE DETACHEE
1010231325700,DRILL PASTILLES BT 24
1030371198790,ANTI MOUSTIQUE TROPIQUES
1090400011320,PANSEMENT AMPOULES TALON X 5 G
1010300073720,BICARBONATE 1.4% 500 ML FLACON
1010300073720,BICARBONATE 1.4% 500 ML FLACON
1160200502000,DETECTEUR CO
1160200502000,DETECTEUR CO
1110405022210,KIT HBCO
1110405022210,KIT HBCO
1110150210210,EMBOUT  UU DETECTEUR HBCO/10
1110150210210,EMBOUT  UU DETECTEUR HBCO/10
1110150210210,EMBOUT  UU DETECTEUR HBCO/10
1110150210210,EMBOUT  UU DETECTEUR HBCO/10
1080313010100,HY LITE 2 - 100 TESTS CONTROLE
1080313011050,HY LITE PAPIER IMP CONTROLE HY
1010832189690,LOCOID CREME 30 GR
1010832189690,LOCOID CREME 30 GR
1010832189690,LOCOID CREME 30 GR
1010831922820,BIAFINE EMULSION TUBE 100 ML
1030211842550,COALGAN 5 MECHES
1030211842550,COALGAN 5 MECHES
1030211842550,COALGAN 5 MECHES
1030161449770,ALCOOL DE MENTHE
1110308457100,LAMPE UV
1110308457100,LAMPE UV
1110100000050,BRACELET IDENTIFICATION ADULTE
1030300000410,TENSIOMETRE VELCRO AD EV ETUI
1030300000410,TENSIOMETRE VELCRO AD EV ETUI
1030300000410,TENSIOMETRE VELCRO AD EV ETUI
1030300000410,TENSIOMETRE VELCRO AD EV ETUI
1110300000010,BOITE A CLE + MARTEAU
1110300000010,BOITE A CLE + MARTEAU
1160268038500,GARROT ARTERIEL NE PAS UTILISE
1130900000100,BAC A BEC 10 LITRES
1130900000100,BAC A BEC 10 LITRES
1130900000100,BAC A BEC 10 LITRES
1130900000040,BAC A BEC 4 LITRES
1130900000040,BAC A BEC 4 LITRES
1130900000040,BAC A BEC 4 LITRES
1010231886070,IMODIUM 2MG GELULES
1010835279950,CREME POUR DEMANGEAISONS PIQ I
1010834051280,ACTIVIR POUR BOUTONS DE FIEVRE
1010834051280,ACTIVIR POUR BOUTONS DE FIEVRE
1010834051280,ACTIVIR POUR BOUTONS DE FIEVRE
1160200001230,POMPE A DEPRESSION PM POUR ATT
1160200001230,POMPE A DEPRESSION PM POUR ATT
1040204164680,CABLES ECG 10 BRINS PINCES V2
1040204112000,CABLES ECG 5 BRINS PRESS. MBRE
1040200007610,PESE PERSONNE
1040200007610,PESE PERSONNE
1040200007610,PESE PERSONNE
1010233981730,ARESTAL CP DIARRHEE
1010233981730,ARESTAL CP DIARRHEE
1030264216940,SERINGUE LUER LOK VERROU 20 ML
1011200000000,COLLYRE UNIDOSE BOITE
1011200000000,COLLYRE UNIDOSE BOITE
1110400000100,RACCORD DROIT A VALVE DETECTEU
1110400000100,RACCORD DROIT A VALVE DETECTEU
1110400000100,RACCORD DROIT A VALVE DETECTEU
1010435598020,EAU OXYGENEE 10 VOLUMES 250ML
1010330579400,CHLORURE DE SODIUM 500ML FLACO
1030275573840,PERFUSEUR EUROSOUPLIX 3 VLP
1121075790260,AQUATABS
1010434867990,DESOMEDINE COLLYRE 10 FL 0.6ML
1010236752010,DONORMYL CP 15MG SECABL 10
1010234127950,SAVARINE
1010333775150,VACCIN HAVRIX 1440 1ML
1110370631560,DIFFUSEUR INSECTE DOUBLE USAGE
1131071198790,ANTI MOUSTIQUES VETEMENT
1131071198790,ANTI MOUSTIQUES VETEMENT
1131072132130,INSECT ECRAN SPRAY VETEMENT
1131072132130,INSECT ECRAN SPRAY VETEMENT
1131045142560,AVENE-SOL  STICK 40 3G
1080306959900,POUBELLE FOURRE-TOUT
1080300051720,GELOSE CONTACT BOITE
1080300624080,MASQUE FFP2 FORMATION
1080300912010,BANDELETTES DURETE GAMME 1 PAR
1080300043220,AVENE  20 SPRAY
1080300000000,TRIVOREX SEAU 10 KG
1130700078910,EMC TRAITE MED URGENCES
1130700078920,EMC MED URGENCES MAJ
1030300160070,LSU COQUE PLASTIQUE
1160200010000,BASSIN D ACCOUCHEMENT
1010137600360,GLUCONATE DE CALCIUM AMP 10ML
1010137600360,GLUCONATE DE CALCIUM AMP 10ML
1010431499780,BETADINE DERMIQUE 125 ML
1030360567860,JERSEY TUBULAIRE5CM X 5M
1010236384990,HEXALYSE CP 24 CITRON
1160200150010,SAC SECOURISTE AEROPORT
1080316442740,ANIOSGEL  75ML
1131000008010,PLOMBS CAISSE PHARMA
1131000008010,PLOMBS CAISSE PHARMA
1110309201830,BASSIN DE LIT
1080300001010,TRIVOREX 800 GR
1190100993010,CONDUCTIMETRE HI 99301
1190100091460,OXYMETRE PORTATIF HI9146
1090471327100,PANSEMENT AMPOULES MAIN X 6 PM
1131070263910,MOUSTIQUAIRE CINQ/CINQ ADULTE
1010837732280,ECONAZOLE POMMADE 1% 30G
1011335243470,ECONAZOLE  POUDRE FL 30G
1030311810000,MASQUE OXYGENE  HC SS PVC ADUL
1010832886970,VOLTARENE POMMADE 50G
1130774303010,NITRATE DE POTASIUM 1 KG
1130774303010,NITRATE DE POTASIUM 1 KG
1130774303010,NITRATE DE POTASIUM 1 KG
1130774278590,LACTOSE  1 KG
1130774278590,LACTOSE  1 KG
5020100055550,BOUTEILLE OXYGENE B5 FORMATION
1150101593570,VALISETTE PS VIDE
1040700090610,RAD-57
1110500022080,HOUSSE RAD57
1010204021880,CORAMINE GLUCOSE CPR 20
1011800314010,TUSSIDANE  SP
1010800281030,NIFLUGEL
1010800281030,NIFLUGEL
1010800281030,NIFLUGEL
1130604030300,FRAIT DE PORT GAGGIONE
1060402007450,VALISETTE  KIT BRULURE VIDE
1040212266600,STETHOSCOPE MEDECIN POUR UNITE
1040212266600,STETHOSCOPE MEDECIN POUR UNITE
1040212266600,STETHOSCOPE MEDECIN POUR UNITE
1010234429800,MALARONE CPR 12
1130747856300,STICK SOLAIRE
1130747856530,CREME SOLAIRE SPRAY
1110330262500,BALLON A DISTILLER 500 ML
1110300302530,TUBE A ESSAI PYREX 16X160 BTE
1110300030250,PSION WORKABOUT PRO S G2 COMPL
1110500000170,CAPTEUR DOIGT SP02 LP12 REUTIL
1110500000180,CAPTEUR DOIGT SP02 LP12 REUTIL
1010235831370,IBUPROFENE CP 200MG BT 30CP
1010235831370,IBUPROFENE CP 200MG BT 30CP
1010235831370,IBUPROFENE CP 200MG BT 30CP
1030246837400,PANSEMENT HYDROCOLLOIDE PLAQUE
1130400467980,REFRIGERATEUR CABINET MEDICAL
1130400467980,REFRIGERATEUR CABINET MEDICAL
1130400467980,REFRIGERATEUR CABINET MEDICAL
1070266096990,BANDE PLATRE 15 CM
1070266096990,BANDE PLATRE 15 CM
1070266096990,BANDE PLATRE 15 CM
1070266096300,BANDE PLATRE 10 CM
1070266096300,BANDE PLATRE 10 CM
1190100700300,SOLUTION ETALON CONDUCTIMETRE
1010234314790,TOPALGIC LP 200 MG CP 30
1010234314790,TOPALGIC LP 200 MG CP 30
1010132421750,NEFOPAM = ACUPAN AMP INJ 20MG
1010132421750,NEFOPAM = ACUPAN AMP INJ 20MG
1010132421750,NEFOPAM = ACUPAN AMP INJ 20MG
1010401234560,ALCOOL 90 LITRE SANS FLACON
1131009752190,EAU ECARLATE
1010934081440,MOPRAL 20MG 28 GELUL
1011135264930,ASMABEC CLICKHALER INH 100 DOS
1011832703610,ASPEGIC PDR 250 MG SACH 20
1011135659550,MIFLASONE GELUL + INH 400 MCG
1011835715650,BISOPROLOL ALMUS CPR 10 MG 28
1010232560130,FUROSEMIDE BIOGARAN CPR 20 MG
1010233553180,ATENOLOL BIOGARAN CPR 100 MG 2
1010233129410,PARALYOC LYOPHILIS (PARALYOC)
1010233129410,PARALYOC LYOPHILIS (PARALYOC)
1010233129410,PARALYOC LYOPHILIS (PARALYOC)
1010235588080,AMIODARONE ALMUS CPR 200 MG 30
1010235588080,AMIODARONE ALMUS CPR 200 MG 30
1011830743120,NOZINAN GTT 4P100 30ML
1010233018020,DEPAKINE CHRONO CPR 500MG LP 3
1010237203380,KENZEN CPR 4MG SECABL 30
1010936093510,MEDIATENSYL GELUL 60 MG 30
1010237229230,NISIS CPR 40MG 30
1010237225210,SELOKEN LP CPR 200 MG
1010231112720,VALIUM CPR 10 MG 30
1011136951260,FORMOAIR SOL INH 12 MCG 100 DO
1110300000050,POIGNEE ASPI HYGIENE VSAB DC05
1011836463230,ACETYLCYSTEINE
1010935337250,AMOXICILLINE AC CLAVULANIQUE C
1010935337250,AMOXICILLINE AC CLAVULANIQUE C
1010935337250,AMOXICILLINE AC CLAVULANIQUE C
1010935337250,AMOXICILLINE AC CLAVULANIQUE C
1010935337250,AMOXICILLINE AC CLAVULANIQUE C
1011831923070,SMECTA
1011831923070,SMECTA
1110100022740,BRACELET IDENTIFICATION ADULTE
1110300012350,PIECE DETACHEE ASPI
3160200125480,CHAISE PORTOIR ORANGE
1080100855630,BANDEAU UU POUR SOL
1080100855630,BANDEAU UU POUR SOL
1080100855630,BANDEAU UU POUR SOL
1040900050660,DSA LAERDAL HEARTSTART HS1 + H
1040900050660,DSA LAERDAL HEARTSTART HS1 + H
1040900050710,ELECTRODES PHILIPS HS1 DSA ADU
1040900050710,ELECTRODES PHILIPS HS1 DSA ADU
1040900050720,ELECTRODES LAERDAL DSA PEDIA
1040900050720,ELECTRODES LAERDAL DSA PEDIA
1160200080010,SAC ZEPHIR + TROUSSE ACC + MIN
1160205090270,SANGLE ARAIGNEE POUR PLAN DUR
1160205090270,SANGLE ARAIGNEE POUR PLAN DUR
1080109425530,PORTE PAD A MAIN
1011731584570,KENACORT 80MG
1011730575260,BICARBONATE DE SODIUM NE PAS U
1010238399090,TRAMADOL 200 LP BT30 CP
1010238399090,TRAMADOL 200 LP BT30 CP
1080100012340,ASPIRATEUR HYGIENE VSAV COMPLE
1040200084060,BOUTON REPONSE AUDIOSCAN C8400
1040607804330,LSU ELASTIQUE LATERAL
1110300000060,CAPOT BOITIER ASPI DYSON DC05
1110300000070,SUCEUR PLAT ASPI DC05
1130800045840,FICHES BILAN SSSM PAR 5
1170200010000,MAIN D OEUVRE
1170200010000,MAIN D OEUVRE
1030102646510,MATELAS A DEPRESSION  - ACQUIS
1030102646510,MATELAS A DEPRESSION  - ACQUIS
1010400389440,ALCOOL MODIFIE  500ML
1011100033770,FORADIL 12 MICROGRAMME
1010235786910,RELPAX 40MG
1012000000010,FORFAIT NON RESTITUTION B5
1040800001040,CABLE ECG 4 BRINS (LP12)
1130402749250,REPARATION SOUDEUSE
1090100245510,CISEAUX DROIT BOUT RONDS STERI
1030300325410,GARROT SS LATEX BLEU
1130908746520,REPARATION MATELAS COQUILLE
1010533048870,VACCIN RAGE
1010536077830,VACCIN HEP A TYPHOIDE
1010536077830,VACCIN HEP A TYPHOIDE
1010230731000,NIVAQUINE 100MG
1010236666790,IMODIUM LINGUAL
1110400000190,POCHETTE CHAISE
,
1080318130380,PRODUIT RINCAGE M A L ARI
1010354117140,PERFALGAN 100ML POCHE SOL 10MG
1110300000020,PILE LITHIUM POUR DETECTEUR HB
1110300000020,PILE LITHIUM POUR DETECTEUR HB
1160500000170,SACOCHE COLLIERS SOBER ( AVEC
1160500000170,SACOCHE COLLIERS SOBER ( AVEC
1050300000180,AMPOULIER RIGIDE 4 ETAGES SOBE
1190100981270,PH METRE ETANCHE CMIC
1190100981270,PH METRE ETANCHE CMIC
1040175587630,COQUE MONITEUR UT 4000A
1160200525540,REPARATION SAC SECOURISTE
1160200525540,REPARATION SAC SECOURISTE
1010732790660,OTIPAX
1010732790660,OTIPAX
1010234136130,XOLAAM
1011434999450,DOLIPRANE 300MG SACHET
1010237663980,IBUPROFENE 400 MG 20CP
1010237663980,IBUPROFENE 400 MG 20CP
1011434999160,DOLIPRANE 200MG SACHET
1011434998790,DOLIPRANE 150MG SACHET
1010230081370,ATARAX 25MG 30CP
1010230081370,ATARAX 25MG 30CP
1030100700040,SOLUTION TAMPON PH 4.01 EN SAC
1040400012000,BATTERIE MAC 1200
1040400142500,PILE AUDIOSCAN
1130478782780,DOUBLE FACE EXTRA FORT
1050211114810,CAB MED CPLET: DIVAN ARMOIRE T
1050211113290,DIVAN EXAMEN 70 CM
1050211114590,TABOURET CAB MED
1050211114820,PORTE ROULEAU DRAP EXAM POUR D
1040200004000,ECG MAC 600 AVEC MESURE ET INT
1050200030510,TABLE SUPPORT BIOMED CAB MEDIC
1040420308870,PAPIER ECG MAC 600  80X90MM 28
1010430108610,BETADINE SCRUB 125 ML
1040116500010,HOUSSE PROPAQ LT
1030101410000,SACOCHE ISOTHERME LIVRAISON PR
1040200050000,THERMOMETRE MINI MAXI FRIGO CA
1040209680170,ENREGISTREUR TEMPERATURE FRIGO
1040209680170,ENREGISTREUR TEMPERATURE FRIGO
3040100008020,MONITEUR MULTIPARA PROPAQ LT
3040100008020,MONITEUR MULTIPARA PROPAQ LT
3040100008020,MONITEUR MULTIPARA PROPAQ LT
1040100080290,CABLE D'ALIM PROPAQ LT
1110500110580,BRASSARD OBESE MONITEUR
1110500110580,BRASSARD OBESE MONITEUR
1040100009270,SUPPORT PROPAQ LT
1131000237090,EXTENSION GARANTIE 1 AN PROPAQ
1040400111410,BATTERIE LITHIUM-ION 7.2 AH LI
1040400111410,BATTERIE LITHIUM-ION 7.2 AH LI
1040800001150,CHARGEUR LP12 BASE
1040800001160,CHARGEUR LP12 BAC ADAPTATEUR
1040800000190,CHARGEUR LP12 CORDON ALIMENTAT
1040400000000,BOUCHON BRASSARD MULTI
1110300100580,GAZ ETALON CO 100 PPM CYLINDRE
1110300100580,GAZ ETALON CO 100 PPM CYLINDRE
1180333060600,EAU SSO (LA BOUTEILLE)
1180333060600,EAU SSO (LA BOUTEILLE)
1040801111210,CABLE ECG 4 BRINS LP12   12D
1040801111230,CABLE ECG 6 BRINS LP12
1010831384140,STER-DEX POM OPHTALMIQUE
1010930991050,SPEVIN GELULES
1040162003970,WELCHALLYN ATTACHES VIS LATERA
1110400005550,PLAQUETTE SUPPORT FICHES BILAN
1160500222890,SANGLE COLLIER SOBER PEDIA T 3
1160500222890,SANGLE COLLIER SOBER PEDIA T 3
1040401110000,DAS KIT SIGNALITQUE
1080102544400,FILTRE AVANT DC29
1080118674180,FILTRE APRES MOTEUR ASPI DC29
1170168227820,IMALGENE 1000 10ML
1110300020320,PILE CR2032 / LECT. GLYC ACCUC
1080200000500,FUT DASRI  50 L SANS OPERCULE
1080200000500,FUT DASRI  50 L SANS OPERCULE
1080200000500,FUT DASRI  50 L SANS OPERCULE
1030200000550,CISEAUX DE CORDON OMBILICAL UU
1030200000550,CISEAUX DE CORDON OMBILICAL UU
1110104679130,ALCOOTEST CONTRALCO NFX20-702
1030203080600,INJECTEUR INTRA-OSSEUX ADULTE
1030203080600,INJECTEUR INTRA-OSSEUX ADULTE
1010391010560,METOPIMAZINE (VOGALENE)  AMP 1
1010391010560,METOPIMAZINE (VOGALENE)  AMP 1
1010392740870,MORPHINE  CHLORHYDRATE 10MG 1M
1010392740870,MORPHINE  CHLORHYDRATE 10MG 1M
1010392740870,MORPHINE  CHLORHYDRATE 10MG 1M
1080119150970,SEPTANIOS SACHET 25 ML
1080119161290,SACHET DE DESINFECTION SOL / S
1080119161290,SACHET DE DESINFECTION SOL / S
1080119161290,SACHET DE DESINFECTION SOL / S
2030226031210,KIT ACCOUCHEMENT
1010228031210,IODURE DE POTASSIUM CP 65 MG
1040705050030,THERMOMETRE PREDICTIF BUCCAL
1040410556480,THERMOMETRE PRED COUVRE SONDE
1010834009370,FLECTOR GEL 1% TUBE 60GR
1080100117150,SEAU 15 LITRES BLEU
1080111701250,SEAU 15 LITRES ROUGE
1160201204160,POCHETTE FILET DETECT CO SAC S
1110300384960,FLACON TEST EMULSEUR PE 1000ML
1110300420630,FLACON PRELEVEMENT PE 1000 ML
1110300306500,FLACON CPTE GTTES 50 ML
1110300005100,PIPETTE PASTEUR PLAST150MM 2ML
1080304962090,SUPPORT SAC POUBELLE 50L REMIS
1040200023300,PILE BOUTON MEMOIRE ECG CAB ME
1010536873970,VACCIN REPEVAX OU BOOSTRIX TET
1010536873970,VACCIN REPEVAX OU BOOSTRIX TET
1110500000280,INDICATEUR DE TEMPERATURE +2 +
1110500008640,TUBE PNI PROPAQ LT
1110500008640,TUBE PNI PROPAQ LT
1110500000110,BRASSARD ADULTE AVEC TUBE
1040600018470,FRAIS PORT INVEST. BIOMED
1020300000000,HOUSSE BOUTEILLE OXYGENE B5
1150600000000,AMPOULIER MORPHINIQUE
1160400000000,SAC A ATTELLE
1190100000000,MENBRANE DE RECHANGE
1190200000000,ELECTROLYTE OXYGENE 30 ML
1030200045160,OBTURATEUR MANDRIN CATHETER 16
1030200042190,OBTURATEUR MANDRIN CATHETER 18
1030200042200,OBTURATEUR MANDRIN CATHETER 20
1030200042220,OBTURATEUR MANDRIN CATHETER 22
1030200042240,OBTURATEUR MANDRIN CATHETER 24
1130100000000,BALANCE INDUSTRIEL 60KG
1010832857010,BIAFINE EMULS DERM TUBE 200ML
1010131999760,AMIODARONE (CORDARONE)  AMPOUL
1110300001720,ENREGISTREUR ALARME FRIGO PIEC
1190200011560,CRISTALISOIR 500 ML AVEC BEC
1190200050470,ERLEN COL LARGE 500 ML
1190200040090,BECHER VERRE 1L
1190200161500,TUBE CULTURE 22ML
1190200001600,PORTOIR A TUBE CULTURE
1190200145020,FLACON VERRE 250ML AVEC BOUCHO
1190260647510,GLYCERINE
1190260647510,GLYCERINE
1190200040470,ERLEN COL ETROIT 500 ML
1130400008010,BAC GERBABLE EMBOITABLE 100L
1130400022260,BAC A COUVERCLE PETIT MODELE
1160400000001,REPARATION ATTELLE DE JAMBE
1110300002509,PLOMB-VERT ( LOG RUFFEC)
1110300002509,PLOMB-VERT ( LOG RUFFEC)
1030300231810,POCHE 1L + TUBULURE ASPI LSU
1040600578870,KIT CONVERSION LSU
1040600578870,KIT CONVERSION LSU
1010900000000,RIFADINE  300 MG
1010900000000,RIFADINE  300 MG
1040678091000,LAERDAL LSU KIT CONVERSION PRI
1110300000900,BAC GRIS 84L PAROIS PLEINE 60X
1110300001260,COUVERCLE BAC GRIS 60X40
1131000036020,SOUDE SAC
1131000000000,CONVERTISSEUR
1170206035780,AGRAFEUSE APPOSE 35W  69X38
1170206035780,AGRAFEUSE APPOSE 35W  69X38
1110500000140,CHARIOT GLACIERE DOMETIC
1130400000350,GLACIERE REFRIGERANT TRANSPORT
1010239069420,DULCOLAX COMPRIME CONSTIPATION
1010239069420,DULCOLAX COMPRIME CONSTIPATION
1030301790800,SONDE TRACHEALE 8MM
1040607801300,LSU POIGNEE
1030302520530,BAVU - MASQUE  UU  GRAND ENFAN
1030102720130,PLAQUES DE SEPARATION 27X20 LO
1030200100900,TESTS 10 GRIPPE A/B 25 ANGINE
1110300010580,BAC PLASTIQUE 40X30X11.4
1110310584610,BAC COUVERCLE SEUL POUR BAC 40
1030300371850,STETHOSCOPE ELECTRONIQUE
1110300090070,PILE LITHIUM BLISTER CR 123 TR
3160200805960,TRUE-CPR
1160210011010,COUSSIN CALE PLS
1030100210410,DIVAN D'EXAMEN PLIANT
1030100210410,DIVAN D'EXAMEN PLIANT
1050282426600,CHAISES DETENTE NOIRES
1050212211020,CHAISES PLIANTE EN METAL
1050212210490,TABLE PLIANTE
1131000000620,REFRIGERATEUR DOMETIC COMBICOO
1050200210410,TABLE D'EXAMEN PLIANTE
1040713133800,THERMOMETRE BUCALE FILAC 3000
1080200070050,BOITE  AIGUILLE JAUNE 0.8L
1080200070050,BOITE  AIGUILLE JAUNE 0.8L
1080200070050,BOITE  AIGUILLE JAUNE 0.8L
1080200070050,BOITE  AIGUILLE JAUNE 0.8L
1011700000000,NORADRENALINE 8MG 4ML AMP. BOU
1011700000000,NORADRENALINE 8MG 4ML AMP. BOU
1010100000000,SUXAMETHONIUM 100MG 2ML AMP. B
1010100000000,SUXAMETHONIUM 100MG 2ML AMP. B
1010100000000,SUXAMETHONIUM 100MG 2ML AMP. B
1010100000000,SUXAMETHONIUM 100MG 2ML AMP. B
1010100000000,SUXAMETHONIUM 100MG 2ML AMP. B
1160200000000,SANGLES DE SERRAGE ANTI-BACTER
1040900000000,BATTERIE POUR HEARTSTART HS1
1040900000000,BATTERIE POUR HEARTSTART HS1
1011756109500,PRODILANTIN 75MG/10ML BOITE DE
1011756109500,PRODILANTIN 75MG/10ML BOITE DE
1010190346440,FENTANYL 5% BTR 10 AMP 10ML IN
1010190346440,FENTANYL 5% BTR 10 AMP 10ML IN
1010190346440,FENTANYL 5% BTR 10 AMP 10ML IN
1010139448130,OCTREOTIDE 0.1 MG
1010139448130,OCTREOTIDE 0.1 MG
1010139448130,OCTREOTIDE 0.1 MG
1011792761170,AMOXICILLINE/AC CLAVULANIQUE I
1011791200940,GARDENAL 200 MG INJ BOITE DE 1
1011790426610,HEPARINE 25000UI/5ML 10 INJ
1011790426610,HEPARINE 25000UI/5ML 10 INJ
1010293149930,PLAVIX 300MG 30CP
1011791366170,TILDIEM 25 MG IV LYOPHYLISE BO
1030170494030,SOLUTION DE CONTROLE LECTEUR G
1031034010440,SPRAY BUCCAL PLACEBO
1110400007040,PLAQUETTE SUPPORT FICHE BILAN
889          ,HYGIKIT RECHARGE CREME 400 ML
890          ,KIT BAVU ADULTE
891          ,KIT BAVU PEDIATRIQUE
891          ,KIT BAVU PEDIATRIQUE
892          ,ASPEGIC SACHET ADULTE 1000MG
892          ,ASPEGIC SACHET ADULTE 1000MG
893          ,DSA LIFEPAK 1000
895          ,AMOXICILLINE 1G CP
895          ,AMOXICILLINE 1G CP
895          ,AMOXICILLINE 1G CP
897          ,PREDNISOLONE ORODISPESIBLE 20
897          ,PREDNISOLONE ORODISPESIBLE 20
897          ,PREDNISOLONE ORODISPESIBLE 20
898          ,ELECTRODES DE FORMATION ADULTE
899          ,ELECTRODES DE FORMATION KIT AD
900          ,COFFRET R3T VALISSETTE
901          ,SERIGRAPHIE 1 COULEUR SUR COUV
,
903          ,KIT ASPIRATION LSU  POCHE 1 L
904          ,FILM RETRACTABLE 450X2 EN 25 M
905          ,DESINFECTANT MATERIEL PLONGEE
907          ,BAC TREMPAGE 84 LITRES PLONGEU
908          ,BAC TREMPAGE /SOCLE ROULETTES
909          ,TRUE CPR
910          ,KIT REMPLACEMENT PILE DSA LIFE
911          ,GLUCOSE 5% 100ML P PVC
912          ,BATTERIE ETANCHE YUASA 12V-2.1
913          ,ANIOSPRAY QUICK DESINFECTANT
914          ,DSA TRAINER 1000
915          ,SERINGUE 1 ML
916          ,ANIOS DTS
917          ,PARALYOC 500MG
918          ,PARALYOC LYOPHILIS (PARALYOC)
918          ,PARALYOC LYOPHILIS (PARALYOC)
919          ,ADAPTATEUR PRISE SECTEUR AUDIO
920          ,PALETTE EMBOITABLE RECYCLE EN
921          ,COUDE GRIS POUR PRISE VIDE LSU
922          ,MIDAZOLAM (=HYPNOVEL) 50 MG  1
922          ,MIDAZOLAM (=HYPNOVEL) 50 MG  1
924          ,MIDAZOLAM 10ML 50 MG
925          ,SUXAMETHONIUM 2 ML 100 MG
926          ,PELUCHE OURSON BLANC
927          ,PELUCHE OURSON BLEU
928          ,ADHESIF DOUBLE FACE
929          ,MARQUAGE SANGLE COLLIER SOBER
930          ,SAC DE TRANSPORT ATTELLE A TRA
931          ,GANTS NITRILE AVEC MANCHETTE T
931          ,GANTS NITRILE AVEC MANCHETTE T
931          ,GANTS NITRILE AVEC MANCHETTE T
933          ,GANTS NITRILE AVEC MANCHETTE T
933          ,GANTS NITRILE AVEC MANCHETTE T
933          ,GANTS NITRILE AVEC MANCHETTE T
934          ,GANTS NITRILE AVEC MANCHETTE T
934          ,GANTS NITRILE AVEC MANCHETTE T
934          ,GANTS NITRILE AVEC MANCHETTE T
935          ,GANTS NITRILE AVEC MANCHETTE T
935          ,GANTS NITRILE AVEC MANCHETTE T
935          ,GANTS NITRILE AVEC MANCHETTE T
936          ,ACIDE CITRIQUE H2O 1 KG
937          ,ARGILE COLLOIDALE 1 KG
938          ,LIQUISEC PLUS 1 L
939          ,COMBINAISON JETGUARD PLUS T XL
939          ,COMBINAISON JETGUARD PLUS T XL
940          ,EAU DE JAVEL BIDON 2L
941          ,ROULEAU SACS BLEU 100L
942          ,AMPOULE POUR OTOSCOPE
943          ,COUSSIN THERMIQUE REUTILISABLE
943          ,COUSSIN THERMIQUE REUTILISABLE
944          ,VOGALENE 0.1% 150 ML SOLUTION
945          ,CERULYSE
945          ,CERULYSE
946          ,MORPHINE SULFATE10 MG 5 ML (
946          ,MORPHINE SULFATE10 MG 5 ML (
946          ,MORPHINE SULFATE10 MG 5 ML (
947          ,FILM ETIRABLE TRANSPARENT
948          ,ADHESIF MANUEL ACRYLIQUE
949          ,DEVIDOIR FILM ETIRABLE MANUEL
950          ,COMBINAISION POLYPRO II A CAPU
950          ,COMBINAISION POLYPRO II A CAPU
951          ,COMBINAISON POLYPRO II A CAPUC
951          ,COMBINAISON POLYPRO II A CAPUC
953          ,COMBINAISON POLYPRO II A CAPUC
953          ,COMBINAISON POLYPRO II A CAPUC
954          ,SUR CHAUSSURES NON TISSE BLANC
954          ,SUR CHAUSSURES NON TISSE BLANC
954          ,SUR CHAUSSURES NON TISSE BLANC
955          ,BOITE A OUTILS POUR UNITE MEDI
956          ,RAD 57 FULL
958          ,FICHES DE BILAN  PAR 30 EXEMPL
959          ,BOITE A CLE DE SECOURS
960          ,FILTRE DYSON HEPA+ APRES MOTEU
961          ,BATTERIE POUR LSU NIMH
962          ,SUPPORT DSA LP1000  10G
963          ,BOITE A PRELEVEMENT SANGUIN
964          ,HOUSSE TRUE CPR
965          ,METRE RUBAN MEDICAL
966          ,PYOSTACINE  500MG
967          ,REPARATION ATTELLE
968          ,TABLE EXAMEN
969          ,BOUTON ROTATIF LSU
970          ,CACHE PROTECTION LSU
971          ,LABEL LSU SERRES
972          ,PILE LITHIUM DSA LP 1000
972          ,PILE LITHIUM DSA LP 1000
972          ,PILE LITHIUM DSA LP 1000
973          ,MATELAS A DEPRESSION BARIATRIQ
975          ,POCHETTE CHIFFRE ADHESIF
976          ,TROUSSE GRIMP
977          ,GARROT SOF TACTICAL TOURNIQUET
977          ,GARROT SOF TACTICAL TOURNIQUET
977          ,GARROT SOF TACTICAL TOURNIQUET
6103         ,ECG SANS FIL MS-12 BLUE
3100         ,SPIROMETRE NANO
1100         ,LAGON LOGICIEL DE VISION
211          ,AUDIOMETRE AD-2100 CASQUE HOLM
3211         ,TUBULURE POUR NANO
,
2208         ,POIRE REPONSE
3200         ,CAPTEUR SPIROMETRE NANO BTE 10
987          ,KIT LOT NRBC FPT
988          ,GANTS NITRILE AVEC MANCHETTE T
703          ,NICARDIPINE 10MG ABT 10ML B10
990          ,LIDOCAINE 400MG (2%) - 20ML
,
993          ,GARROT VELCRO NON ELASTIQUE
994          ,ACTIPOCHE POCHE CHAUD/FROID
994          ,ACTIPOCHE POCHE CHAUD/FROID
996          ,STETHOSCOPE SIMPLE PAVILLON NO
997          ,MANDRIN D'INTUBATION CH6 STE
997          ,MANDRIN D'INTUBATION CH6 STE
997          ,MANDRIN D'INTUBATION CH6 STE
997          ,MANDRIN D'INTUBATION CH6 STE
998          ,PROLONGATEUR MALE FEM VERROU M
999          ,MICROPERFUSEUR STERILE 7/10
1001         ,ATTELLE DE TRACTION PEDIA
1002         ,KETOPROFENE LP (PROFENID)  100
1002         ,KETOPROFENE LP (PROFENID)  100
1003         ,ZOLMITRIPTAN 2.5MG COMPRIME OR
1003         ,ZOLMITRIPTAN 2.5MG COMPRIME OR
1004         ,CETIRIZINE 10 MG COMPRIME
1004         ,CETIRIZINE 10 MG COMPRIME
1004         ,CETIRIZINE 10 MG COMPRIME
1005         ,MASQUE LARYNGE STANDARD UU T 2
,
,
,
1008         ,CHARLOTTE U.U
1008         ,CHARLOTTE U.U
1008         ,CHARLOTTE U.U
1009         ,COMBINAISON A CAPUCHE ULTIMA B
1010         ,BANDELETTE URINAIRE DETECTION
1011         ,STETHOSCOPE ADULTE DOUBLE PAVI
1012         ,AGRAFEUSE A PEAU
1012         ,AGRAFEUSE A PEAU
1013         ,ANIOS'CLEAN D
1014         ,PLAN DUR BARIATRIQUE
1015         ,SOLUTION ELECTROLYTE POUR SOND
1016         ,KETAMINE CHLORHYDRATE 50 MG 5
1017         ,SUPPORT MURAL SAVON DOUX 1L
1018         ,ACIDE TRANEXAMIQUE(EXACYL) 0.5
1018         ,ACIDE TRANEXAMIQUE(EXACYL) 0.5
1018         ,ACIDE TRANEXAMIQUE(EXACYL) 0.5
1019         ,PANSEMENT QUIKCLOT COMBAT
1019         ,PANSEMENT QUIKCLOT COMBAT
1019         ,PANSEMENT QUIKCLOT COMBAT
1020         ,RLX LYPHAN PH 0-14
1022         ,CONNECTION TUBE / BRASSARD PRO
1022         ,CONNECTION TUBE / BRASSARD PRO
1023         ,GARROT TOURNIQUET ( ORANGE)
1023         ,GARROT TOURNIQUET ( ORANGE)
1024         ,MODIFICATION SAC SECOURISTE EN
1025         ,ANIOS CLEAN EXCEL D 25ML
1026         ,TELECOMMANDE LP 1000 TRAINER
1029         ,ELINGUE STANDARD POUR PLAN DUR
1030         ,BOUCHON D'OREILLE ANTI BRUIT B
1031         ,BEC BUNSEN PROPANE
1032         ,SUPPORT TREPIED BEC BUNSEN
1033         ,GRILLE SUPPORT BEC BUNSEN
0            ,
1035         ,FIOLE A VIDE VERRE BOROSILICAT
1036         ,ERLENMEYERS EN VERRE 100 ML LO
1037         ,PANSEMENT ASHERMAN OCCLUSION P
1038         ,PANSEMENT COMPRESSIF D'URGENCE
1039         ,PANSEMENT COMPRESSIF D'URGENCE
1039         ,PANSEMENT COMPRESSIF D'URGENCE
1040         ,KIT DE FORMATION INJECTEUR INT
1041         ,GAZE SOUS GAINE
1042         ,APPAREIL POUR REARMER BIG FORM
1044         ,SYSTEME DE RECHARGE POUR BIG F
1045         ,DESTRUCTEUR ODEUR POUR VSAV
1046         ,HBVAXPRO 10MCG
1047         ,MONTRE CARDIO
1048         ,SANGLE NYLON ORANGE 2 PARTIES
1050         ,BANDELETTE DRUG SCREEN MULTI 5
1051         ,BANDELETTE DRUG SCREEN MULTI 5
1052         ,OXYMETRE DE POULS
1052         ,OXYMETRE DE POULS
1052         ,OXYMETRE DE POULS
1053         ,BAVU ADULTE
1054         ,BAVU PEDIATRIQUE
1055         ,LIFEPACK CR2
1056         ,PORTE MANTEAU
1057         ,PESE PERSONNE 160KG
1058         ,ALCOTEST 6820 DRAGER
1059         ,EMBOUT ALCOTEST DRAGER
1060         ,IMMOBILISATEUR DE RACHIS-ACT G
1061         ,SANGLE -ACT GRIMP
1064         ,TANGANIL 500MG/5ML
1065         ,HOUSSE MORTUAIRE PLONGEUR
1066         ,BOUTEILLE OXYGENE B15
1067         ,BOUTEILLE OXYGENE B5
1068         ,REPARATION BIO-MED
1068         ,REPARATION BIO-MED
1069         ,ATROPINE 40 MG / 20 ML AMP
1070         ,ELASTOPLASTE HB 2.5MX10CM
1071         ,PANSEMENT VASELINE
1073         ,RALLONGE CABLE SPO2 LP12
1074         ,CAPTEUR SPO2 LP12
1075         ,FRAIS DE PORT EMA 19.82%
1076         ,GARROT TOURNIQUET FORMATION (B
1077         ,REPARATION HOUSSE ROUGE POUR M
1078         ,GANTS NITRILE NOIR GRIPPAZ TAI
1078         ,GANTS NITRILE NOIR GRIPPAZ TAI
1079         ,GANTS NITRILE NOIR GRIPPAZ TAI
1079         ,GANTS NITRILE NOIR GRIPPAZ TAI
1080         ,GANTS NITRILE NOIR GRIPPAZ TAI
1081         ,DOIGTIER PAR BOITE DE 100
1082         ,BRACELET SINUS ANNEAU DE 10
1082         ,BRACELET SINUS ANNEAU DE 10
1083         ,BRACELET SINUS ANNEAU DE 10
1083         ,BRACELET SINUS ANNEAU DE 10
1084         ,POCHE 1L + TUBULURE ASPI LSU +
1085         ,ANIOSGEL  30 ML
1085         ,ANIOSGEL  30 ML
1086         ,LINGETTE WIP ANIOS EXCEL
1087         ,LOPERAMIDE  2MG EN GELLULE
1087         ,LOPERAMIDE  2MG EN GELLULE
1088         ,CHLORAPREP APPLICATEUR 1.5ML
1089         ,BOUCHON CATHETER SANS MANDRIN
1089         ,BOUCHON CATHETER SANS MANDRIN
1089         ,BOUCHON CATHETER SANS MANDRIN
1090         ,PROLONGATEUR PVC HP(40 BAR) -
1090         ,PROLONGATEUR PVC HP(40 BAR) -
1091         ,PROLONGATEUR PVC HP(40 BAR) -
1091         ,PROLONGATEUR PVC HP(40 BAR) -
1092         ,PROLONGATEUR PVC HP(40 BAR) -
1092         ,PROLONGATEUR PVC HP(40 BAR) -
1093         ,PROLONGATEUR PVC HP(40 BAR) -
1093         ,PROLONGATEUR PVC HP(40 BAR) -
1093         ,PROLONGATEUR PVC HP(40 BAR) -
1094         ,PROTEGE BASSIN
1095         ,TRAMADOL 50MG CP BT30
1096         ,GANT DE TOILETTE USAGE UNIQUE
1097         ,COMPRESSES (10X10) PAR SACHET
1098         ,PINCE A CLAMPER KOCHER
,
1200         ,TRANXENE   20 MG 2 ML BOITE DE
1101         ,TILDIEM 100MG 20LYO
1102         ,SOLUPRED EFF 20MG 20CP
1103         ,TOPALGIC LP 200 MG CP 30
"1104         ,""STOP VIDE TUBE 2,5 METRES"""
1105         ,SPASFON COMPRIME 80 MG
,
,
1107         ,TOPALGIC LP 100 MG CP 30
1108         ,URGO  PANSEMENT  PEDIA 20X72MM
1109         ,URINAL MASCULIN CARE BAG USAGE
1110         ,GARROT SOF TACTICAL TOURNIQUET
1111         ,INJECTEUR INTRA-OSSEUX PEDIATR
1111         ,INJECTEUR INTRA-OSSEUX PEDIATR
1113         ,SERINGUE POUSSE SERINGUE 50ML
1114         ,COLLIER CERVICAL  REGLABLE UU
1114         ,COLLIER CERVICAL  REGLABLE UU
1115         ,GUERIDON
1116         ,PARAVENT 4 PANNEAUX
1117         ,DSA CR2
1117         ,DSA CR2
1118         ,DSA CR2 TRAINER
1119         ,ELECTRODES  DSA  CR 2  ADULTE/
1119         ,ELECTRODES  DSA  CR 2  ADULTE/
1120         ,PILE LITHIUM DSA CR 2
1120         ,PILE LITHIUM DSA CR 2
1121         ,SUPPORT MURAL DSA CR 2 GRAND P
1123         ,SAC ALPHA + 4 TROUSSES ACCESSO
1124         ,RESPIRATEUR MEDUMAT STANDARD A
1125         ,LOGICIEL SYNCHRONISATION RESPI
1126         ,CIRCUIT PATIENT AVEC VALVE UU
1127         ,VALVE PEP POUR RESPIRATEUR
1128         ,LAVETTE HYGIENE INCENDIE
1128         ,LAVETTE HYGIENE INCENDIE
1129         ,REPOSE PIED POUR CHAISE VSAV
1130         ,CHARGEUR LP 1000 TRAINER
1132         ,CIVIERE EXCTRACTION NEST
1134         ,BARQUETTE D'EVACUATION FERNO 7
1135         ,MATELAS A DEPRESSION  COMPARTI
1136         ,SAC A MATELAS DEPRESSION
1137         ,MATELAS A DEPRESSION SERVICE F
1138         ,MARQUAGE COUSSIN CALE PLS
1139         ,IMMOBILISATEUR DE TETE (FERNO)
1140         ,CAISSE LIVRAISON PHARMACIE
1141         ,REPARATION SAC MEDECIN
1142         ,SERINGUE 50 ML POUR POUSSE SER
1143         ,HOUSSE DE TRANSPORT LP 1000 TR
1144         ,VALVE AUTOMATIQUE POUR ATTELLE
1145         ,RACCORD TRIPLE POUR POMPE
1146         ,TULLEGRAS 20X20
1147         ,TULLEGRAS 10X10
1148         ,VASELINE PURE 35ML
1149         ,VASELINE OFFICINALE 45GR
1150         ,PANSEMENT DUODERM
1151         ,URGODERM 10CM X 10M
1154         ,MASQUE FFP3
1154         ,MASQUE FFP3
1155         ,MASQUE FFP2
1156         ,AMOXICILLINE 2GR AC CLAVULANIQ
1157         ,PREDNISOLONE  20 MG CP  SECABL
1158         ,DESLORATADINE 5 MG CP (AERIUS)
1158         ,DESLORATADINE 5 MG CP (AERIUS)
1159         ,MASQUE INTEGRAL VNI TAILLE M
1160         ,MASQUE INTEGRAL VNI TAILLE L
1161         ,CATHETER MOUNTS ANNELES
1162         ,CROCHET DE FIXATION POUR MASQU
1163         ,SERRE TETE POUR MASQUE PETIT A
1164         ,SERRE TETE POUR MASQUE MOYEN /
1165         ,CANULE 25MM AVEC COLLERETTE ET
1166         ,CANULES 51MM + COLLERETTE ET L
1167         ,AUGMENTIN INJ 2G/200MG
1168         ,PREDNISONE 20 MG CP  SECABLE
1169         ,EAU (LA BOUTEILLE DE 1L)
,
1171         ,ACCU RECHARGEABLE (PILE TYPE A
1172         ,BOUCLE ATTACHE SANGLE POUR MID
1173         ,BOUCLE ATTACHE SANGLE POUR ATT
1174         ,KIT DE REPARATION POUR MID ET
1175         ,BANDELETTE DRUG SCREEN THC 50
1176         ,POUSSE SERINGUE
1177         ,EPITHELIALE ( CREME CICATRICE)
,
1179         ,GRAISSE SILICONE TUBE DE 12G
1180         ,KIT DE NETTOYAGE POUR FUSIL HY
1181         ,COUPLEUR POUSSE SERINGUE
1182         ,BAC GERBABLE EMBOITABLE 72 LIT
1182         ,BAC GERBABLE EMBOITABLE 72 LIT
1184         ,ECHANTILLONNEUR PENDULAIRE BEC
1185         ,TIGE TELESCOPIQUE ALUMINIUM 1.
1186         ,PRELEVEUR POUR LIQUID 1L EN LA
1187         ,CABLE PP ROUGE 10 METRE
1188         ,ELECTRODES DE FORMATION PEDIA
1189         ,FLAMMAZINE CREME 50G
1190         ,JELONET 10 CMX10 CM
1192         ,CANNE A SERINGUER VETO
1193         ,SERINGUE POUR CANNE A SERINGUE
1194         ,MASQUE VETO DIAM 110MM
1195         ,MASQUE VETO DIAM 140MM
1196         ,THERMOMETRE VETO GRANDS ANIMAU
1197         ,REVISION PROJECTEUR ANIMAUX
1198         ,VACCIN GRIPPE TETRAVALENT
1199         ,CHARIOT POUR CAISSE PHARMACIE
1300         ,FLACON PRELEVEMENT URINE POUR
1201         ,BAC PLASTIQUE PAROIS AJOURES
1202         ,REPARATION CHAISE PORTOIR PP2
1203         ,SURFA'SAFE 750ML DISPENSEUR MO
,
1205         ,ETAGERE SUPPLEMENAIRE PAR LOT
1206         ,PANSEMENT COMPRESSIF D'URGENCE
1206         ,PANSEMENT COMPRESSIF D'URGENCE
1207         ,OCREOTIDE ( SIROCTID 0.1MG/ML)
1208         ,SAC SECOURISME BLEU LAMA + 4 T
1210         ,HYDROXYZINE 25MG COMP PELL SEC
1212         ,ANIOS SPS PRENIUM SANITAIRE
1213         ,RAMPE 3 ROBINETS + PROLONGATEU
1214         ,PERFUSEUR AVEC ROBINET 2X 3 VO
1214         ,PERFUSEUR AVEC ROBINET 2X 3 VO
1215         ,PERFUSEUR AVEC SITE Y AVANT RO
1216         ,CAREBAG PROTEGE BASSIN
1217         ,CEINTURE PELVIENNE
1217         ,CEINTURE PELVIENNE
1218         ,MARQUAGE HOUSSE TRANSPORT ACT
1219         ,VACCIN PRIORIX ( ROR )
1220         ,FLECTOR GEL 1% TUBE 60GR
1221         ,FLECTOR TISSUGEL COMPRESSE (BO
1222         ,LUNETTE CANULE NASALE O2 ADULT
1223         ,COUVERCLE FUT DASRI  50 L
1225         ,LOT BRACELET DE COULEUR NOVI
1226         ,BARRE ACIER MURALE POUR FIXATI
1227         ,SAC JAUNE DASRI RCH 110 L RLX
0            ,
1229         ,COMBINAISON PP SANS CAPUC L
1230         ,COMBINAISON POLYPRO SANS CAPUC
1232         ,COUTEAU DE SECURITE
1233         ,PAPIER CALID DETECTION GB (SAR
1234         ,PORTE ETIQUETTE RAYONNAGE
1235         ,VELCRO BRAND COUDRE NOIR 100MM
1236         ,VELCRO BRAND COUDRE NOIR 100MM
1237         ,TALC OFFICINAL POUDREUSE 120 G
1238         ,EAU DE JAVEL PASTILLE X48
1239         ,ROULETTE PIVOTANTE MEUBLE SOUS
1240         ,ROULETTE PIVOTANTE MEUBLE SOUS
1241         ,TEST CANCER COLORECTAL
1243         ,KIT DASRI
1244         ,PLAQUENIL CP
1245         ,NIVAQUINE CP100 MG
1246         ,AZITHROMYCINE EG 250 MG  COMPR
1248         ,ESMERON 50MG/5ML
1249         ,TEST COVID-19 IGG/IGM (PACK DE
1250         ,FILTRE BAVU INSUFF RESPI - UU
1251         ,MASQUE VICTIME  ANTI-PROJECTIO
1251         ,MASQUE VICTIME  ANTI-PROJECTIO
1252         ,MASQUE FFP2 (STOCK CACHE)
1253         ,AMOXICILLINE 1GR AC CLAVULANIQ
1254         ,GANTS VINYLE DTL 9.5 ( TAILLE
1254         ,GANTS VINYLE DTL 9.5 ( TAILLE
1254         ,GANTS VINYLE DTL 9.5 ( TAILLE
1255         ,TRACRIUM 50MG/5ML  BOITE 5 AMP
1256         ,SOLUTION HYDRO-ALOOLIQUE BOUTE
1257         ,COUVERTURE BACTERIO  180X120 S
1258         ,SUPPORT MURAL ANIOS GEL POMPE
1259         ,BALANCE PESE PERSONNE INPEDANC
1259         ,BALANCE PESE PERSONNE INPEDANC
1260         ,MASQUE BARRIERE U.U
1261         ,MASQUE FFP2 (KN 95)
1262         ,SANGLES (BRETELLES DE PORTAGE
1263         ,FLACON PRELEVEMENT URINE POUR
1264         ,MIDAZOLAM = HYPNOVEL 5MG/1ML (
1265         ,GEL HYDRO-ALCOOLIQUE 200ML CLA
1266         ,DSA CR2 VERSION SEMI AUTOMATIQ
1268         ,TEST ANTIGENIQUE COVID
1268         ,TEST ANTIGENIQUE COVID
1268         ,TEST ANTIGENIQUE COVID
1268         ,TEST ANTIGENIQUE COVID
1269         ,SOLUTION NETTOYAGE ELECTRODES
1270         ,SOLUTION CONSERVATION ELECTROD
,
1272         ,SOLUTION HYDRO-ALOOLIQUE BOUTE
1273         ,GANTS VINYLE DTL 8.5 ( TAILLE
1274         ,GANTS VINYLE DTL 7.5 ( TAILLE
1275         ,ETUI COUVRE-SONDE POUR THERMOM
1277         ,TETRACAINE COLLYRE 4 MG 0.4 ML
1278         ,BARRE SOUDEUSE COUPE FIL
1279         ,VETEMENT BLESSE ISOTHERMIQUE G
1280         ,AIGUILLE  BLEU 23GX0.6  30MM
1281         ,FICHES DE BILAN MODELE A3
1285         ,POCHETTE DE CHAUD U.U
1286         ,ANTI ADHESIF GILBERT 125 ML
1287         ,THERMOMETRE SANS CONTACT INFRA
1288         ,ECO TAXES
,
1291         ,EMBALLAGE BOUTEILLE GAZ ETALON
1292         ,SYSTEME FLOTTAISON PLG POUR BA
1293         ,GLUCOSE SACHET  10ML PAR BOITE
1294         ,CARTON DASRI  50 L ( VACCIN)
1295         ,BAC A COUVERCLE ROUGE 56L
1295         ,BAC A COUVERCLE ROUGE 56L
1296         ,BAC A COUVERCLE BLEU 56L
1297         ,DSA / MONITEUR / ECG 12D  SCHI
1298         ,DSA / MONITEUR / ECG 12D  SCHI
1299         ,CHARGEUR NOMADE DEFIGUARD TOUC
9800         ,TUBULURE BRASSARD PNI
1301         ,CABLE ECG 4 BRINS DEFIGUARD TO
1302         ,CABLE ECG EXTENSION 6 BRINS DE
1303         ,BATTERIE RECHARGEABLE LITHIUM-
1304         ,CHARGEUR DE BUREAU DEFIGUARD T
1305         ,BRAS DE PERFUSION ADULTE HOMME
1306         ,BRAS DE PERFUSION ADULTE FEMME
1307         ,BALANCE PESE PERSONNE INPEDANC
1308         ,BARQUETTE EVAC PLG MONOBLOC OR
1309         ,TENSIOMETRE ELECTRONIQUE
1310         ,IMMOBILISATEUR DE TETE (CALE-T
1311         ,COUSSIN BLEU POUR CALE DE TETE
1312         ,RACCORD DROIT A VALVE DETECTEU
1313         ,AUTOTEST  COVID
1314         ,ASPEGIC 500MG INJECTABLE (LUX)
1315         ,EXACYL 500MG 5 ML (LUX)
1316         ,BOUTEILLE OXYGENE B5 MESSER
1317         ,ARGON 5 LITRES
1318         ,PROTO CRYO 5 LITRES
1319         ,CO2 COELIO 2 LITRES
1320         ,DOLIPRANE 1000MG CP
1321         ,DAFALGAN 1000MG CP EFFERVESCEN
1322         ,DOLIPRANE 1000MG CP
1323         ,AZOTE 5L
1324         ,BOUTEILLE TEST O2 5L
1325         ,BOUTEILLE TEST O2 15L
1326         ,BOUTEILLE TEST O2 11L
0            ,
"1329         ,""RAMIPRIL 2,5G"""
1330         ,INSULINE MG
1331         ,SAC NIVEAU 1
1332         ,TROUSSE 1 NIVEAU 2
1334         ,REPARATION
1335         ,PRODUIT TEST SR
,
1337         ,LECTEUR GLYCEMIE SR
1338         ,PRODUIT SR
